# Temps	MSD_moyen	Sim_0	Sim_1	Sim_2	Sim_3	Sim_4	Sim_5	Sim_6	Sim_7	Sim_8	Sim_9	Sim_10	Sim_11	Sim_12	Sim_13	Sim_14	Sim_15	Sim_16	Sim_17	Sim_18	Sim_19
0.000000e+00	0.000000e+00	0.000000e+00	0.000000e+00	0.000000e+00	0.000000e+00	0.000000e+00	0.000000e+00	0.000000e+00	0.000000e+00	0.000000e+00	0.000000e+00	0.000000e+00	0.000000e+00	0.000000e+00	0.000000e+00	0.000000e+00	0.000000e+00	0.000000e+00	0.000000e+00	0.000000e+00	0.000000e+00
1.000000e+00	2.717570e-06	1.574394e-06	4.098231e-07	4.287546e-07	2.543319e-06	3.880802e-06	5.215711e-07	6.222485e-07	3.042722e-06	1.618020e-06	3.770774e-07	2.665768e-06	1.005156e-06	4.791548e-06	7.925173e-06	2.974466e-06	7.151101e-06	3.275292e-06	4.540366e-07	4.585739e-06	4.504388e-06
2.000000e+00	1.344228e-05	7.516937e-06	5.204811e-06	2.695564e-06	6.980600e-06	2.298407e-05	2.116034e-07	4.410545e-06	1.220995e-05	1.186184e-05	2.960422e-06	8.415081e-06	1.106889e-05	2.218294e-05	4.299885e-05	1.497528e-05	3.500322e-05	1.360088e-05	1.989147e-06	1.596620e-05	2.560884e-05
3.000000e+00	3.316585e-05	1.665515e-05	1.102676e-05	1.914898e-05	1.249065e-05	4.355571e-05	3.216686e-06	1.383496e-05	3.523904e-05	3.308005e-05	7.379664e-06	1.835103e-05	4.562234e-05	5.371433e-05	1.001178e-04	3.457787e-05	7.681175e-05	3.428354e-05	3.443062e-06	4.072567e-05	6.004205e-05
4.000000e+00	6.115807e-05	2.931101e-05	1.090206e-05	4.211014e-05	2.388422e-05	7.504329e-05	1.176768e-05	3.029020e-05	8.849823e-05	5.455630e-05	1.270671e-05	3.361494e-05	9.006012e-05	1.146946e-04	1.544636e-04	4.545400e-05	1.257694e-04	6.984439e-05	3.957688e-06	9.173732e-05	1.144955e-04
5.000000e+00	1.009548e-04	4.292729e-05	1.055539e-05	5.568358e-05	4.666275e-05	1.175538e-04	2.329048e-05	4.690638e-05	1.806676e-04	8.070436e-05	2.326445e-05	5.748748e-05	1.452087e-04	1.996723e-04	2.069704e-04	5.169804e-05	1.933963e-04	1.330000e-04	1.010582e-05	1.777809e-04	2.155597e-04
6.000000e+00	1.550831e-04	5.671912e-05	1.170397e-05	6.133182e-05	7.130564e-05	1.690325e-04	4.508989e-05	8.339519e-05	2.912935e-04	1.131868e-04	4.714011e-05	7.996040e-05	2.175002e-04	3.057623e-04	2.557241e-04	6.403504e-05	2.709211e-04	2.196998e-04	2.262988e-05	3.098558e-04	4.053751e-04
7.000000e+00	2.182996e-04	7.496103e-05	1.323707e-05	6.051452e-05	1.106103e-04	2.372119e-04	7.552001e-05	1.366550e-04	3.598252e-04	1.572258e-04	7.824760e-05	1.201401e-04	2.874994e-04	4.626827e-04	3.003177e-04	8.542810e-05	3.808967e-04	2.861363e-04	3.991165e-05	4.642154e-04	6.347556e-04
8.000000e+00	2.828676e-04	8.865656e-05	1.526593e-05	7.257274e-05	1.685307e-04	2.945082e-04	9.772697e-05	1.649304e-04	3.981726e-04	2.017782e-04	1.020241e-04	1.699027e-04	3.528016e-04	6.463134e-04	3.618865e-04	1.318537e-04	5.865401e-04	3.189907e-04	6.953112e-05	6.228946e-04	7.924713e-04
9.000000e+00	3.470499e-04	1.016512e-04	1.570614e-05	1.149935e-04	2.325574e-04	3.398718e-04	1.342356e-04	1.624338e-04	4.371665e-04	2.049577e-04	1.036580e-04	1.978988e-04	4.249212e-04	8.352922e-04	4.219440e-04	1.923847e-04	8.657289e-04	3.308570e-04	1.206910e-04	7.933665e-04	9.106826e-04
1.000000e+01	4.050035e-04	1.300443e-04	3.750362e-05	1.810286e-04	2.805132e-04	3.601842e-04	1.882710e-04	1.647891e-04	5.066855e-04	1.841901e-04	8.263613e-05	2.120068e-04	4.843776e-04	1.048143e-03	4.153370e-04	2.386676e-04	1.126003e-03	3.146158e-04	2.098286e-04	9.517580e-04	9.834878e-04
1.100000e+01	4.692994e-04	1.858660e-04	1.211960e-04	2.729007e-04	2.741908e-04	3.653358e-04	2.509703e-04	1.939285e-04	6.036716e-04	2.019135e-04	5.958350e-05	2.407296e-04	5.150476e-04	1.311295e-03	3.544030e-04	2.840338e-04	1.374888e-03	2.974170e-04	3.569334e-04	1.079806e-03	1.041878e-03
1.200000e+01	5.525948e-04	2.695296e-04	2.813889e-04	3.539847e-04	2.383797e-04	3.663915e-04	3.220847e-04	2.447444e-04	6.981841e-04	2.580060e-04	4.905899e-05	2.795243e-04	5.349966e-04	1.665740e-03	2.966559e-04	3.775987e-04	1.642722e-03	3.022519e-04	5.765516e-04	1.165246e-03	1.128857e-03
1.300000e+01	6.697242e-04	3.745370e-04	5.054864e-04	4.234333e-04	2.068434e-04	3.899716e-04	4.021397e-04	2.923534e-04	8.166030e-04	3.157534e-04	5.239680e-05	2.976763e-04	5.869426e-04	2.202621e-03	2.893292e-04	5.552764e-04	1.877087e-03	3.636655e-04	8.446128e-04	1.311462e-03	1.286293e-03
1.400000e+01	8.190432e-04	4.830977e-04	7.568473e-04	5.198307e-04	2.059081e-04	4.476081e-04	5.116264e-04	3.655469e-04	9.547401e-04	3.797965e-04	6.204014e-05	2.982856e-04	6.890057e-04	2.837426e-03	3.141883e-04	8.363911e-04	2.081527e-03	4.612806e-04	1.118395e-03	1.545432e-03	1.511890e-03
1.500000e+01	9.804058e-04	5.705114e-04	9.707410e-04	6.639550e-04	2.448216e-04	5.250582e-04	6.121514e-04	4.736225e-04	1.121805e-03	4.736725e-04	7.834784e-05	3.307460e-04	8.091911e-04	3.372685e-03	3.469758e-04	1.194687e-03	2.343454e-03	5.481641e-04	1.362972e-03	1.816649e-03	1.747906e-03
1.600000e+01	1.148013e-03	6.406945e-04	1.173017e-03	8.776509e-04	3.047684e-04	6.540862e-04	6.871464e-04	5.394821e-04	1.279547e-03	5.734840e-04	1.197375e-04	3.892446e-04	9.030499e-04	3.812351e-03	4.231399e-04	1.575404e-03	2.554666e-03	6.108250e-04	1.621984e-03	2.185513e-03	2.034471e-03
1.700000e+01	1.313679e-03	7.200953e-04	1.420216e-03	1.142306e-03	3.749158e-04	8.191088e-04	7.461108e-04	6.021776e-04	1.464853e-03	6.425734e-04	1.899528e-04	4.324499e-04	9.648398e-04	4.180246e-03	5.573606e-04	1.950376e-03	2.630493e-03	5.875835e-04	1.924789e-03	2.575255e-03	2.347882e-03
1.800000e+01	1.491586e-03	8.503457e-04	1.667803e-03	1.370521e-03	4.625288e-04	9.927796e-04	7.949408e-04	7.063479e-04	1.733154e-03	7.307279e-04	2.904559e-04	4.806802e-04	1.067517e-03	4.594650e-03	7.563061e-04	2.240223e-03	2.811750e-03	4.893867e-04	2.195535e-03	2.949287e-03	2.646770e-03
1.900000e+01	1.669306e-03	1.000619e-03	1.883101e-03	1.518906e-03	5.639577e-04	1.172896e-03	8.526513e-04	7.999981e-04	2.030112e-03	8.475089e-04	4.192358e-04	5.723815e-04	1.215236e-03	5.118181e-03	1.024053e-03	2.404626e-03	3.042429e-03	3.680576e-04	2.377383e-03	3.305949e-03	2.868832e-03
2.000000e+01	1.831842e-03	1.127098e-03	2.052485e-03	1.638112e-03	6.523645e-04	1.316176e-03	9.122668e-04	9.012666e-04	2.326610e-03	9.815543e-04	5.499761e-04	7.057075e-04	1.345503e-03	5.588458e-03	1.326337e-03	2.538249e-03	3.310277e-03	2.649376e-04	2.501436e-03	3.577685e-03	3.020331e-03
2.100000e+01	1.988891e-03	1.240302e-03	2.182314e-03	1.776765e-03	7.318378e-04	1.447178e-03	9.729271e-04	1.003896e-03	2.626743e-03	1.106955e-03	6.606853e-04	8.293123e-04	1.478851e-03	6.057129e-03	1.691572e-03	2.718639e-03	3.780086e-03	1.976414e-04	2.558746e-03	3.763754e-03	2.952491e-03
2.200000e+01	2.153050e-03	1.381877e-03	2.265043e-03	1.853060e-03	7.982740e-04	1.605762e-03	1.025385e-03	1.085206e-03	2.926632e-03	1.162616e-03	7.649544e-04	9.677789e-04	1.694278e-03	6.641249e-03	2.090412e-03	2.977261e-03	4.470316e-03	1.424076e-04	2.545749e-03	3.890876e-03	2.771859e-03
2.300000e+01	2.337259e-03	1.555637e-03	2.331897e-03	1.883056e-03	8.282157e-04	1.824728e-03	1.109576e-03	1.148509e-03	3.258626e-03	1.211706e-03	8.706630e-04	1.139056e-03	1.972829e-03	7.290726e-03	2.403530e-03	3.223649e-03	5.277318e-03	1.076360e-04	2.542546e-03	4.093984e-03	2.671290e-03
2.400000e+01	2.538544e-03	1.747797e-03	2.431400e-03	1.950823e-03	8.540772e-04	2.092208e-03	1.264770e-03	1.195544e-03	3.560640e-03	1.357705e-03	9.719718e-04	1.280016e-03	2.243838e-03	8.083783e-03	2.644064e-03	3.379016e-03	5.954548e-03	1.041330e-04	2.645317e-03	4.443713e-03	2.565516e-03
2.500000e+01	2.758495e-03	1.953646e-03	2.484166e-03	2.064130e-03	9.185406e-04	2.331660e-03	1.437010e-03	1.205181e-03	3.894900e-03	1.601473e-03	1.090959e-03	1.455646e-03	2.492682e-03	9.056789e-03	2.892691e-03	3.472934e-03	6.517030e-03	1.157572e-04	2.798610e-03	4.897201e-03	2.488892e-03
2.600000e+01	2.986883e-03	2.143604e-03	2.426432e-03	2.132961e-03	1.041197e-03	2.590613e-03	1.630400e-03	1.177802e-03	4.311488e-03	1.925525e-03	1.229753e-03	1.687189e-03	2.717946e-03	1.008487e-02	3.091906e-03	3.585548e-03	7.136887e-03	1.257981e-04	2.944929e-03	5.376129e-03	2.376676e-03
2.700000e+01	3.218898e-03	2.344254e-03	2.301807e-03	2.139964e-03	1.296906e-03	2.878973e-03	1.850841e-03	1.209559e-03	4.583515e-03	2.308872e-03	1.385401e-03	1.868772e-03	2.913059e-03	1.115372e-02	3.246224e-03	3.780541e-03	7.809352e-03	1.373219e-04	3.179117e-03	5.700842e-03	2.288913e-03
2.800000e+01	3.454536e-03	2.663886e-03	2.223330e-03	2.219554e-03	1.702499e-03	3.188276e-03	2.029564e-03	1.285354e-03	4.651190e-03	2.645874e-03	1.561870e-03	1.964829e-03	3.045657e-03	1.226721e-02	3.432955e-03	4.006666e-03	8.356767e-03	1.515804e-04	3.473551e-03	5.944635e-03	2.275477e-03
2.900000e+01	3.692174e-03	3.162278e-03	2.205241e-03	2.304890e-03	2.098160e-03	3.528927e-03	2.194971e-03	1.329974e-03	4.723138e-03	2.941725e-03	1.744122e-03	2.071542e-03	3.083021e-03	1.316334e-02	3.701973e-03	4.233665e-03	8.863777e-03	1.420137e-04	3.876468e-03	6.181123e-03	2.293123e-03
3.000000e+01	3.949552e-03	3.667685e-03	2.218095e-03	2.389972e-03	2.482404e-03	3.808518e-03	2.360916e-03	1.401685e-03	4.866388e-03	3.215354e-03	1.936800e-03	2.247544e-03	3.045173e-03	1.390756e-02	4.074547e-03	4.638690e-03	9.493874e-03	1.295509e-04	4.405422e-03	6.359909e-03	2.340954e-03
3.100000e+01	4.228559e-03	4.073377e-03	2.228269e-03	2.569576e-03	2.799343e-03	4.076291e-03	2.517562e-03	1.483845e-03	5.096181e-03	3.476624e-03	2.144698e-03	2.468325e-03	2.978854e-03	1.456150e-02	4.470154e-03	5.210752e-03	1.038287e-02	1.367143e-04	5.009084e-03	6.453415e-03	2.433754e-03
3.200000e+01	4.527018e-03	4.525353e-03	2.183724e-03	2.747075e-03	3.125263e-03	4.345874e-03	2.638195e-03	1.552013e-03	5.471395e-03	3.740386e-03	2.331539e-03	2.648566e-03	2.908809e-03	1.528782e-02	4.794410e-03	5.794535e-03	1.149724e-02	1.362147e-04	5.661269e-03	6.575421e-03	2.575251e-03
3.300000e+01	4.858484e-03	4.938525e-03	2.192014e-03	2.958019e-03	3.561746e-03	4.636354e-03	2.690000e-03	1.675115e-03	5.996075e-03	4.000315e-03	2.446825e-03	2.837110e-03	2.910903e-03	1.630170e-02	5.041703e-03	6.360176e-03	1.256161e-02	1.327681e-04	6.335475e-03	6.813785e-03	2.779466e-03
3.400000e+01	5.197568e-03	5.195335e-03	2.199597e-03	3.204279e-03	3.872162e-03	5.016368e-03	2.773915e-03	1.813594e-03	6.563060e-03	4.164639e-03	2.512286e-03	3.107784e-03	3.019339e-03	1.745579e-02	5.326627e-03	6.887943e-03	1.355473e-02	1.291929e-04	6.973244e-03	7.146576e-03	3.034911e-03
3.500000e+01	5.552358e-03	5.429689e-03	2.091167e-03	3.509434e-03	4.011504e-03	5.475238e-03	2.850479e-03	1.917440e-03	7.006801e-03	4.269704e-03	2.621695e-03	3.451900e-03	3.196389e-03	1.879433e-02	5.728427e-03	7.629249e-03	1.446292e-02	1.400479e-04	7.495640e-03	7.595475e-03	3.369643e-03
3.600000e+01	5.926559e-03	5.677394e-03	1.918976e-03	3.919901e-03	4.062651e-03	5.993100e-03	2.779542e-03	2.050472e-03	7.383757e-03	4.409015e-03	2.855946e-03	3.870350e-03	3.332496e-03	2.042325e-02	6.044000e-03	8.511566e-03	1.527715e-02	1.787359e-04	7.976949e-03	8.089235e-03	3.776698e-03
3.700000e+01	6.313890e-03	5.847648e-03	1.708059e-03	4.315869e-03	4.091581e-03	6.698045e-03	2.627502e-03	2.119910e-03	7.809639e-03	4.571788e-03	3.201526e-03	4.449019e-03	3.384190e-03	2.228904e-02	6.159388e-03	9.248280e-03	1.614783e-02	2.354858e-04	8.610468e-03	8.599930e-03	4.162604e-03
3.800000e+01	6.741844e-03	6.076138e-03	1.557086e-03	4.565978e-03	4.151965e-03	7.518480e-03	2.522819e-03	2.022946e-03	8.376763e-03	4.849876e-03	3.549734e-03	5.130239e-03	3.449203e-03	2.407933e-02	6.279246e-03	1.005987e-02	1.720100e-02	3.218810e-04	9.398019e-03	9.242483e-03	4.483828e-03
3.900000e+01	7.204820e-03	6.442361e-03	1.473110e-03	4.749999e-03	4.303353e-03	8.242379e-03	2.479716e-03	1.876579e-03	9.147364e-03	5.174861e-03	3.925565e-03	5.781191e-03	3.493648e-03	2.548775e-02	6.536293e-03	1.110506e-02	1.835581e-02	4.257948e-04	1.031494e-02	9.974335e-03	4.806286e-03
4.000000e+01	7.664368e-03	6.944717e-03	1.383995e-03	4.930490e-03	4.635489e-03	8.782015e-03	2.431362e-03	1.815062e-03	9.976533e-03	5.499396e-03	4.413578e-03	6.321383e-03	3.519136e-03	2.664677e-02	6.769904e-03	1.203489e-02	1.941275e-02	5.157402e-04	1.130107e-02	1.075474e-02	5.198331e-03
4.100000e+01	8.112966e-03	7.528825e-03	1.328762e-03	5.111512e-03	5.090798e-03	9.144269e-03	2.319056e-03	1.855915e-03	1.065480e-02	5.953178e-03	4.912701e-03	6.648637e-03	3.593609e-03	2.816858e-02	6.853113e-03	1.277616e-02	2.048863e-02	6.003159e-04	1.214223e-02	1.153044e-02	5.557783e-03
4.200000e+01	8.578242e-03	7.991779e-03	1.336740e-03	5.310054e-03	5.423112e-03	9.475481e-03	2.161266e-03	1.893645e-03	1.117762e-02	6.456282e-03	5.527530e-03	7.008256e-03	3.675169e-03	2.990688e-02	7.058691e-03	1.366696e-02	2.157929e-02	6.647476e-04	1.296967e-02	1.245936e-02	5.822308e-03
4.300000e+01	9.061679e-03	8.297947e-03	1.339387e-03	5.388616e-03	5.639407e-03	9.776233e-03	1.991292e-03	1.983296e-03	1.155575e-02	6.919905e-03	6.340984e-03	7.633657e-03	3.784557e-03	3.153272e-02	7.683186e-03	1.473002e-02	2.237403e-02	7.186501e-04	1.387117e-02	1.370872e-02	5.964068e-03
4.400000e+01	9.551654e-03	8.628192e-03	1.264308e-03	5.398508e-03	5.837417e-03	1.021169e-02	1.811448e-03	2.131061e-03	1.185986e-02	7.504762e-03	7.095322e-03	8.576274e-03	3.887524e-03	3.309406e-02	8.458235e-03	1.577468e-02	2.300537e-02	8.140024e-04	1.464713e-02	1.500663e-02	6.026609e-03
4.500000e+01	1.004697e-02	9.000174e-03	1.195668e-03	5.435552e-03	6.072630e-03	1.082990e-02	1.749179e-03	2.232264e-03	1.207015e-02	8.086746e-03	7.704464e-03	9.731954e-03	3.925493e-03	3.461587e-02	9.237002e-03	1.687765e-02	2.368682e-02	9.271318e-04	1.530033e-02	1.621102e-02	6.049490e-03
4.600000e+01	1.059148e-02	9.358510e-03	1.251763e-03	5.586020e-03	6.361676e-03	1.151720e-02	1.805380e-03	2.304180e-03	1.243189e-02	8.630015e-03	8.208830e-03	1.095161e-02	3.942653e-03	3.619847e-02	1.016611e-02	1.802517e-02	2.449397e-02	1.029854e-03	1.590235e-02	1.751686e-02	6.147010e-03
4.700000e+01	1.116565e-02	9.770411e-03	1.413187e-03	5.893074e-03	6.759600e-03	1.222832e-02	1.813038e-03	2.401850e-03	1.295059e-02	9.267719e-03	8.636053e-03	1.222840e-02	4.079542e-03	3.748890e-02	1.099755e-02	1.910220e-02	2.554814e-02	1.121130e-03	1.634491e-02	1.889089e-02	6.377462e-03
4.800000e+01	1.171926e-02	1.027382e-02	1.561692e-03	6.165453e-03	7.335454e-03	1.295998e-02	1.712171e-03	2.459490e-03	1.339742e-02	9.883330e-03	9.114178e-03	1.360173e-02	4.284314e-03	3.815545e-02	1.166340e-02	2.022612e-02	2.683162e-02	1.205936e-03	1.668818e-02	2.027400e-02	6.591512e-03
4.900000e+01	1.227403e-02	1.098671e-02	1.689216e-03	6.408334e-03	8.018254e-03	1.372481e-02	1.562108e-03	2.435273e-03	1.388538e-02	1.041823e-02	9.694649e-03	1.493305e-02	4.554865e-03	3.827431e-02	1.231617e-02	2.150366e-02	2.817771e-02	1.299446e-03	1.704922e-02	2.169383e-02	6.855379e-03
5.000000e+01	1.280383e-02	1.188770e-02	1.799738e-03	6.726116e-03	8.623334e-03	1.455401e-02	1.431194e-03	2.367500e-03	1.432998e-02	1.102261e-02	1.034607e-02	1.593826e-02	4.883909e-03	3.821665e-02	1.303951e-02	2.270565e-02	2.928934e-02	1.384117e-03	1.732362e-02	2.304713e-02	7.160163e-03
5.100000e+01	1.331966e-02	1.267094e-02	1.883285e-03	6.987343e-03	9.110626e-03	1.550269e-02	1.340789e-03	2.313152e-03	1.487235e-02	1.177525e-02	1.107265e-02	1.671904e-02	5.065939e-03	3.831490e-02	1.421891e-02	2.354376e-02	3.037833e-02	1.405631e-03	1.738447e-02	2.440286e-02	7.430253e-03
5.200000e+01	1.387541e-02	1.332259e-02	1.970442e-03	7.082577e-03	9.622553e-03	1.675341e-02	1.246493e-03	2.311454e-03	1.557543e-02	1.249941e-02	1.179885e-02	1.748324e-02	5.111210e-03	3.869754e-02	1.583632e-02	2.414975e-02	3.165211e-02	1.398248e-03	1.735434e-02	2.595348e-02	7.688658e-03
5.300000e+01	1.447105e-02	1.408994e-02	2.086116e-03	7.044939e-03	1.030490e-02	1.818041e-02	1.164164e-03	2.353467e-03	1.645997e-02	1.322048e-02	1.225489e-02	1.805909e-02	5.102919e-03	3.915903e-02	1.759362e-02	2.499393e-02	3.317096e-02	1.417483e-03	1.730361e-02	2.764508e-02	7.816011e-03
5.400000e+01	1.512308e-02	1.499732e-02	2.241664e-03	6.912303e-03	1.118883e-02	1.950070e-02	1.120794e-03	2.471085e-03	1.737006e-02	1.390872e-02	1.254290e-02	1.848140e-02	5.061924e-03	3.982549e-02	1.972014e-02	2.601978e-02	3.482350e-02	1.469968e-03	1.733058e-02	2.946410e-02	8.010370e-03
5.500000e+01	1.577728e-02	1.597096e-02	2.407774e-03	6.761332e-03	1.222040e-02	2.062171e-02	1.075005e-03	2.611212e-03	1.802045e-02	1.455235e-02	1.286538e-02	1.885974e-02	4.927048e-03	4.054835e-02	2.228835e-02	2.710238e-02	3.616488e-02	1.560579e-03	1.740337e-02	3.144792e-02	8.136322e-03
5.600000e+01	1.636576e-02	1.710514e-02	2.669351e-03	6.564317e-03	1.336425e-02	2.157255e-02	1.023381e-03	2.676853e-03	1.832653e-02	1.522267e-02	1.315507e-02	1.913332e-02	4.754913e-03	4.117886e-02	2.500482e-02	2.795246e-02	3.740170e-02	1.656723e-03	1.727229e-02	3.328309e-02	7.996862e-03
5.700000e+01	1.695114e-02	1.826981e-02	2.903116e-03	6.327010e-03	1.453544e-02	2.241994e-02	1.006557e-03	2.731439e-03	1.856035e-02	1.582735e-02	1.345103e-02	1.955586e-02	4.681399e-03	4.203853e-02	2.754166e-02	2.874724e-02	3.905891e-02	1.818005e-03	1.694721e-02	3.489379e-02	7.708248e-03
5.800000e+01	1.757894e-02	1.926086e-02	3.042103e-03	6.220313e-03	1.568035e-02	2.329565e-02	1.067357e-03	2.881381e-03	1.902674e-02	1.653672e-02	1.376070e-02	2.022816e-02	4.694122e-03	4.275350e-02	2.992574e-02	2.968918e-02	4.084300e-02	2.053720e-03	1.680213e-02	3.626907e-02	7.547933e-03
5.900000e+01	1.822051e-02	2.014556e-02	3.162470e-03	6.277898e-03	1.658554e-02	2.426142e-02	1.114878e-03	3.105934e-03	1.970822e-02	1.750048e-02	1.423900e-02	2.093655e-02	4.744793e-03	4.288887e-02	3.242716e-02	3.085144e-02	4.237618e-02	2.381571e-03	1.672552e-02	3.733857e-02	7.638204e-03
6.000000e+01	1.887466e-02	2.096467e-02	3.349792e-03	6.351418e-03	1.696268e-02	2.512563e-02	1.177962e-03	3.287638e-03	2.041378e-02	1.863176e-02	1.474262e-02	2.163597e-02	4.807256e-03	4.295713e-02	3.514730e-02	3.220609e-02	4.395195e-02	2.803879e-03	1.662157e-02	3.862075e-02	7.733412e-03
6.100000e+01	1.953116e-02	2.165631e-02	3.648832e-03	6.395197e-03	1.690333e-02	2.583287e-02	1.283370e-03	3.476984e-03	2.073529e-02	1.967393e-02	1.506487e-02	2.235704e-02	4.912989e-03	4.358632e-02	3.783660e-02	3.318920e-02	4.566261e-02	3.325761e-03	1.684446e-02	4.042732e-02	7.809849e-03
6.200000e+01	2.018448e-02	2.238312e-02	3.966151e-03	6.355241e-03	1.677086e-02	2.620242e-02	1.443964e-03	3.866724e-03	2.079432e-02	2.050641e-02	1.521417e-02	2.308563e-02	5.181474e-03	4.442240e-02	4.053774e-02	3.399355e-02	4.783958e-02	3.792004e-03	1.728257e-02	4.225017e-02	7.801151e-03
6.300000e+01	2.082097e-02	2.302566e-02	4.329527e-03	6.371936e-03	1.659271e-02	2.632764e-02	1.685314e-03	4.336424e-03	2.092545e-02	2.125485e-02	1.530058e-02	2.385206e-02	5.529463e-03	4.522558e-02	4.299525e-02	3.477622e-02	5.015061e-02	4.241699e-03	1.790943e-02	4.375270e-02	7.836294e-03
6.400000e+01	2.144329e-02	2.338738e-02	4.709953e-03	6.524013e-03	1.645706e-02	2.651375e-02	1.944757e-03	4.790079e-03	2.113478e-02	2.202392e-02	1.539691e-02	2.473756e-02	5.821142e-03	4.610466e-02	4.517107e-02	3.547872e-02	5.199333e-02	4.744929e-03	1.884430e-02	4.511854e-02	7.968933e-03
6.500000e+01	2.205952e-02	2.361396e-02	5.128319e-03	6.724721e-03	1.650277e-02	2.683833e-02	2.168037e-03	5.279799e-03	2.134635e-02	2.304187e-02	1.568182e-02	2.578802e-02	6.139665e-03	4.686205e-02	4.731625e-02	3.619612e-02	5.328395e-02	5.274862e-03	1.982347e-02	4.601281e-02	8.167245e-03
6.600000e+01	2.272871e-02	2.354688e-02	5.690397e-03	6.948449e-03	1.664731e-02	2.732998e-02	2.301327e-03	5.800068e-03	2.163123e-02	2.397588e-02	1.622395e-02	2.676517e-02	6.587800e-03	4.817108e-02	4.967636e-02	3.719927e-02	5.430668e-02	6.016902e-03	2.079967e-02	4.655892e-02	8.396812e-03
6.700000e+01	2.344566e-02	2.335645e-02	6.312822e-03	7.134562e-03	1.693715e-02	2.790705e-02	2.339398e-03	6.254930e-03	2.204260e-02	2.465529e-02	1.657136e-02	2.755977e-02	7.029508e-03	4.994615e-02	5.251582e-02	3.820101e-02	5.534112e-02	6.961485e-03	2.189932e-02	4.743740e-02	8.509995e-03
6.800000e+01	2.412533e-02	2.336080e-02	6.944510e-03	7.381563e-03	1.721952e-02	2.872361e-02	2.375137e-03	6.727093e-03	2.256616e-02	2.515905e-02	1.697367e-02	2.841658e-02	7.346677e-03	5.104572e-02	5.538576e-02	3.901467e-02	5.623269e-02	7.851017e-03	2.278888e-02	4.848850e-02	8.505018e-03
6.900000e+01	2.479823e-02	2.362091e-02	7.795023e-03	7.770840e-03	1.753751e-02	2.982869e-02	2.470600e-03	7.215017e-03	2.284771e-02	2.547390e-02	1.775279e-02	2.948058e-02	7.611828e-03	5.173108e-02	5.838910e-02	3.998389e-02	5.677585e-02	8.534012e-03	2.347766e-02	4.913768e-02	8.530002e-03
7.000000e+01	2.546000e-02	2.411516e-02	8.783747e-03	8.235897e-03	1.793868e-02	3.079860e-02	2.601493e-03	7.633496e-03	2.284030e-02	2.621394e-02	1.853681e-02	3.024005e-02	7.673647e-03	5.233249e-02	6.161002e-02	4.114242e-02	5.681710e-02	9.118405e-03	2.417187e-02	4.959317e-02	8.802673e-03
7.100000e+01	2.608367e-02	2.461380e-02	9.666083e-03	8.701250e-03	1.810449e-02	3.168923e-02	2.712592e-03	8.134199e-03	2.284464e-02	2.730344e-02	1.909725e-02	3.055348e-02	7.518476e-03	5.269974e-02	6.500315e-02	4.242130e-02	5.677980e-02	9.688510e-03	2.474060e-02	5.039653e-02	9.004801e-03
7.200000e+01	2.674643e-02	2.525053e-02	1.052240e-02	9.139459e-03	1.821084e-02	3.260609e-02	2.755609e-03	8.698638e-03	2.290695e-02	2.838348e-02	1.957618e-02	3.097467e-02	7.522912e-03	5.323294e-02	6.865699e-02	4.381665e-02	5.720438e-02	1.012523e-02	2.500984e-02	5.137799e-02	8.956736e-03
7.300000e+01	2.745494e-02	2.592526e-02	1.156101e-02	9.645895e-03	1.856078e-02	3.338985e-02	2.738307e-03	9.199698e-03	2.276434e-02	2.946747e-02	2.012461e-02	3.155248e-02	7.714861e-03	5.409556e-02	7.229378e-02	4.527202e-02	5.796318e-02	1.042908e-02	2.503411e-02	5.232040e-02	9.046123e-03
7.400000e+01	2.820942e-02	2.637480e-02	1.280393e-02	1.035404e-02	1.905379e-02	3.433291e-02	2.720146e-03	9.605158e-03	2.233981e-02	3.074299e-02	2.078557e-02	3.222436e-02	8.001778e-03	5.461883e-02	7.606881e-02	4.671936e-02	5.901387e-02	1.052015e-02	2.534642e-02	5.329231e-02	9.269416e-03
7.500000e+01	2.903792e-02	2.650875e-02	1.414794e-02	1.116782e-02	1.969757e-02	3.535304e-02	2.728345e-03	9.918633e-03	2.204153e-02	3.246034e-02	2.168137e-02	3.308308e-02	8.471775e-03	5.532286e-02	7.967777e-02	4.785249e-02	6.022625e-02	1.053830e-02	2.601383e-02	5.446629e-02	9.400406e-03
7.600000e+01	2.993918e-02	2.650002e-02	1.553094e-02	1.184171e-02	2.031718e-02	3.652027e-02	2.729853e-03	1.029907e-02	2.198321e-02	3.434964e-02	2.279598e-02	3.427895e-02	9.171776e-03	5.626927e-02	8.374525e-02	4.855259e-02	6.084887e-02	1.083712e-02	2.684706e-02	5.587160e-02	9.493163e-03
7.700000e+01	3.085135e-02	2.648771e-02	1.680256e-02	1.238852e-02	2.080428e-02	3.767499e-02	2.720524e-03	1.084212e-02	2.208935e-02	3.601760e-02	2.411980e-02	3.556399e-02	9.998433e-03	5.697661e-02	8.844094e-02	4.944408e-02	6.090088e-02	1.115349e-02	2.752068e-02	5.746795e-02	9.612476e-03
7.800000e+01	3.175148e-02	2.649245e-02	1.815317e-02	1.283663e-02	2.129040e-02	3.877531e-02	2.631245e-03	1.151587e-02	2.223268e-02	3.730338e-02	2.574100e-02	3.651634e-02	1.094836e-02	5.790994e-02	9.276791e-02	5.072397e-02	6.152937e-02	1.126825e-02	2.769023e-02	5.889765e-02	9.805513e-03
7.900000e+01	3.267643e-02	2.656070e-02	1.990553e-02	1.323721e-02	2.191347e-02	4.024481e-02	2.462493e-03	1.225834e-02	2.242784e-02	3.861282e-02	2.757171e-02	3.718970e-02	1.208541e-02	5.911733e-02	9.663103e-02	5.198298e-02	6.232294e-02	1.148121e-02	2.770131e-02	5.987402e-02	9.947719e-03
8.000000e+01	3.352689e-02	2.656301e-02	2.207350e-02	1.368110e-02	2.254875e-02	4.178958e-02	2.298951e-03	1.291005e-02	2.242263e-02	4.014411e-02	2.938415e-02	3.772302e-02	1.326741e-02	5.988413e-02	1.002010e-01	5.291670e-02	6.256453e-02	1.188849e-02	2.777779e-02	6.059862e-02	9.900328e-03
8.100000e+01	3.427468e-02	2.662600e-02	2.431213e-02	1.399049e-02	2.302151e-02	4.311377e-02	2.149127e-03	1.352976e-02	2.217236e-02	4.173527e-02	3.100079e-02	3.812311e-02	1.438653e-02	6.035733e-02	1.032442e-01	5.387773e-02	6.279373e-02	1.227615e-02	2.780350e-02	6.120921e-02	9.770878e-03
8.200000e+01	3.507671e-02	2.688644e-02	2.656318e-02	1.416413e-02	2.356020e-02	4.428907e-02	2.015954e-03	1.425696e-02	2.193354e-02	4.318862e-02	3.244801e-02	3.868380e-02	1.544185e-02	6.109713e-02	1.059534e-01	5.513710e-02	6.352129e-02	1.271330e-02	2.794552e-02	6.203440e-02	9.700319e-03
8.300000e+01	3.591434e-02	2.725183e-02	2.908516e-02	1.429818e-02	2.407180e-02	4.541495e-02	1.933434e-03	1.508613e-02	2.177943e-02	4.414787e-02	3.355001e-02	3.938251e-02	1.628913e-02	6.191523e-02	1.088137e-01	5.626164e-02	6.463702e-02	1.339098e-02	2.793222e-02	6.330511e-02	9.740478e-03
8.400000e+01	3.672017e-02	2.770159e-02	3.160403e-02	1.445235e-02	2.439233e-02	4.634061e-02	1.912606e-03	1.592477e-02	2.162191e-02	4.473715e-02	3.411846e-02	4.003526e-02	1.692571e-02	6.313165e-02	1.121272e-01	5.746384e-02	6.555165e-02	1.426876e-02	2.767777e-02	6.467337e-02	9.742407e-03
8.500000e+01	3.756282e-02	2.805937e-02	3.409442e-02	1.474897e-02	2.478989e-02	4.705759e-02	1.912807e-03	1.679263e-02	2.103484e-02	4.532879e-02	3.451934e-02	4.072881e-02	1.745142e-02	6.474248e-02	1.159790e-01	5.879899e-02	6.660139e-02	1.508004e-02	2.765317e-02	6.617602e-02	9.706361e-03
8.600000e+01	3.839299e-02	2.844984e-02	3.652419e-02	1.502345e-02	2.543927e-02	4.771988e-02	1.889291e-03	1.786849e-02	2.021298e-02	4.606588e-02	3.507762e-02	4.138188e-02	1.801449e-02	6.569771e-02	1.195251e-01	5.983660e-02	6.827121e-02	1.566013e-02	2.777469e-02	6.784975e-02	9.577255e-03
8.700000e+01	3.917922e-02	2.884025e-02	3.874022e-02	1.532887e-02	2.603479e-02	4.836667e-02	1.886426e-03	1.905404e-02	1.967629e-02	4.674302e-02	3.585880e-02	4.203485e-02	1.867296e-02	6.605466e-02	1.226244e-01	6.045242e-02	7.007116e-02	1.603678e-02	2.769867e-02	6.988670e-02	9.522428e-03
8.800000e+01	3.999249e-02	2.908543e-02	4.092031e-02	1.576102e-02	2.636084e-02	4.937341e-02	1.897119e-03	2.016261e-02	1.936721e-02	4.735711e-02	3.681686e-02	4.268364e-02	1.947024e-02	6.653969e-02	1.257314e-01	6.088154e-02	7.166295e-02	1.637561e-02	2.784434e-02	7.198081e-02	9.577646e-03
8.900000e+01	4.083134e-02	2.947120e-02	4.326527e-02	1.629736e-02	2.636941e-02	5.070016e-02	1.900161e-03	2.115238e-02	1.892212e-02	4.798024e-02	3.771070e-02	4.356797e-02	2.051641e-02	6.729597e-02	1.286874e-01	6.171985e-02	7.308234e-02	1.677489e-02	2.829352e-02	7.334448e-02	9.574870e-03
9.000000e+01	4.164662e-02	2.971295e-02	4.604405e-02	1.661899e-02	2.609131e-02	5.168279e-02	1.907953e-03	2.206838e-02	1.841310e-02	4.863219e-02	3.875015e-02	4.478550e-02	2.149001e-02	6.800755e-02	1.322756e-01	6.279982e-02	7.471594e-02	1.726395e-02	2.837649e-02	7.364442e-02	9.651249e-03
9.100000e+01	4.243108e-02	2.980968e-02	4.907375e-02	1.659217e-02	2.579408e-02	5.222578e-02	1.868776e-03	2.337166e-02	1.812503e-02	4.909988e-02	4.014062e-02	4.593396e-02	2.214623e-02	6.888252e-02	1.363144e-01	6.370959e-02	7.661381e-02	1.779526e-02	2.826724e-02	7.300113e-02	9.855941e-03
9.200000e+01	4.328474e-02	3.013638e-02	5.177718e-02	1.641689e-02	2.556443e-02	5.227717e-02	1.834482e-03	2.508828e-02	1.794829e-02	4.945999e-02	4.178483e-02	4.703626e-02	2.279313e-02	7.046229e-02	1.405146e-01	6.475825e-02	7.835265e-02	1.853620e-02	2.863754e-02	7.218774e-02	1.012821e-02
9.300000e+01	4.417224e-02	3.057314e-02	5.433387e-02	1.626916e-02	2.540941e-02	5.167775e-02	1.837995e-03	2.682204e-02	1.775329e-02	4.985235e-02	4.334570e-02	4.837532e-02	2.348709e-02	7.237029e-02	1.450082e-01	6.569789e-02	8.003775e-02	1.936067e-02	2.910879e-02	7.173733e-02	1.038686e-02
9.400000e+01	4.494040e-02	3.081964e-02	5.691810e-02	1.614725e-02	2.552293e-02	5.062101e-02	1.827174e-03	2.862131e-02	1.737227e-02	5.000112e-02	4.459837e-02	4.958792e-02	2.409729e-02	7.390434e-02	1.490452e-01	6.628252e-02	8.144113e-02	1.990237e-02	2.943472e-02	7.183791e-02	1.082544e-02
9.500000e+01	4.561915e-02	3.091308e-02	5.930591e-02	1.587104e-02	2.591778e-02	4.959520e-02	1.824921e-03	3.062310e-02	1.687660e-02	4.999928e-02	4.568414e-02	5.015278e-02	2.477308e-02	7.514190e-02	1.525457e-01	6.676538e-02	8.226905e-02	2.029890e-02	2.970211e-02	7.248013e-02	1.164297e-02
9.600000e+01	4.626187e-02	3.109553e-02	6.146478e-02	1.557414e-02	2.641809e-02	4.875284e-02	1.864051e-03	3.283862e-02	1.618558e-02	4.999856e-02	4.664041e-02	5.034238e-02	2.552237e-02	7.654009e-02	1.553393e-01	6.772224e-02	8.306797e-02	2.067842e-02	2.967304e-02	7.301538e-02	1.250353e-02
9.700000e+01	4.690435e-02	3.135487e-02	6.293568e-02	1.546529e-02	2.709278e-02	4.815333e-02	1.974179e-03	3.506344e-02	1.528717e-02	4.981026e-02	4.755049e-02	5.057376e-02	2.616136e-02	7.805124e-02	1.578813e-01	6.903123e-02	8.416365e-02	2.121040e-02	2.953926e-02	7.344729e-02	1.334016e-02
9.800000e+01	4.759721e-02	3.173300e-02	6.392708e-02	1.557773e-02	2.802556e-02	4.799295e-02	2.170509e-03	3.694508e-02	1.455984e-02	4.995306e-02	4.824699e-02	5.080673e-02	2.669686e-02	7.943124e-02	1.601585e-01	7.006193e-02	8.548535e-02	2.222492e-02	2.956733e-02	7.419204e-02	1.418760e-02
9.900000e+01	4.834559e-02	3.227300e-02	6.499542e-02	1.562260e-02	2.903275e-02	4.839089e-02	2.356428e-03	3.833441e-02	1.403948e-02	5.064626e-02	4.866375e-02	5.151790e-02	2.717568e-02	8.064902e-02	1.618787e-01	7.115730e-02	8.691966e-02	2.355134e-02	2.944912e-02	7.544015e-02	1.481790e-02
1.000000e+02	4.911998e-02	3.281319e-02	6.607164e-02	1.544502e-02	3.032670e-02	4.898154e-02	2.504998e-03	3.945313e-02	1.362738e-02	5.105122e-02	4.928562e-02	5.245427e-02	2.767215e-02	8.177299e-02	1.640470e-01	7.215049e-02	8.850469e-02	2.468544e-02	2.917925e-02	7.708981e-02	1.528311e-02
1.010000e+02	4.982167e-02	3.327029e-02	6.688040e-02	1.518061e-02	3.181005e-02	4.932186e-02	2.676309e-03	4.025735e-02	1.323356e-02	5.093759e-02	5.006194e-02	5.349405e-02	2.834752e-02	8.281073e-02	1.665060e-01	7.285010e-02	9.023243e-02	2.536407e-02	2.884827e-02	7.835500e-02	1.599530e-02
1.020000e+02	5.049415e-02	3.377436e-02	6.736341e-02	1.503372e-02	3.317806e-02	4.926194e-02	2.820384e-03	4.071719e-02	1.273375e-02	5.108336e-02	5.057084e-02	5.477340e-02	2.927049e-02	8.390583e-02	1.688929e-01	7.386647e-02	9.223944e-02	2.579220e-02	2.854465e-02	7.907213e-02	1.698853e-02
1.030000e+02	5.106751e-02	3.441909e-02	6.746204e-02	1.516488e-02	3.429636e-02	4.896318e-02	2.916240e-03	4.124467e-02	1.218501e-02	5.164102e-02	5.055371e-02	5.623184e-02	3.014166e-02	8.464491e-02	1.704190e-01	7.505850e-02	9.448596e-02	2.627227e-02	2.816671e-02	7.904969e-02	1.803347e-02
1.040000e+02	5.145426e-02	3.494684e-02	6.753690e-02	1.553082e-02	3.481790e-02	4.877120e-02	2.964636e-03	4.165372e-02	1.170082e-02	5.226495e-02	5.005012e-02	5.795815e-02	3.048081e-02	8.498488e-02	1.706076e-01	7.602618e-02	9.656290e-02	2.677895e-02	2.755806e-02	7.886604e-02	1.902383e-02
1.050000e+02	5.188452e-02	3.502185e-02	6.797828e-02	1.603219e-02	3.504470e-02	4.881036e-02	2.890726e-03	4.197325e-02	1.119442e-02	5.266490e-02	4.975243e-02	5.980484e-02	3.060989e-02	8.519436e-02	1.711694e-01	7.751903e-02	9.857349e-02	2.729177e-02	2.726995e-02	7.909910e-02	1.979545e-02
1.060000e+02	5.242250e-02	3.500427e-02	6.893407e-02	1.657255e-02	3.536831e-02	4.835339e-02	2.742558e-03	4.259465e-02	1.057148e-02	5.244558e-02	4.983759e-02	6.148549e-02	3.074117e-02	8.548189e-02	1.724265e-01	7.958190e-02	1.010827e-01	2.788942e-02	2.731885e-02	7.952872e-02	2.048880e-02
1.070000e+02	5.301357e-02	3.522251e-02	7.074950e-02	1.701388e-02	3.558378e-02	4.698935e-02	2.618096e-03	4.325198e-02	1.016326e-02	5.187632e-02	5.018833e-02	6.286383e-02	3.089538e-02	8.632435e-02	1.737461e-01	8.173484e-02	1.037337e-01	2.839193e-02	2.746778e-02	8.015472e-02	2.130179e-02
1.080000e+02	5.365718e-02	3.550145e-02	7.318090e-02	1.720303e-02	3.573991e-02	4.571516e-02	2.500909e-03	4.384323e-02	9.951644e-03	5.138083e-02	5.075245e-02	6.397650e-02	3.112848e-02	8.762476e-02	1.752021e-01	8.369215e-02	1.061050e-01	2.861900e-02	2.775048e-02	8.097768e-02	2.229795e-02
1.090000e+02	5.432207e-02	3.629044e-02	7.578053e-02	1.715442e-02	3.574726e-02	4.461650e-02	2.365347e-03	4.472016e-02	9.677694e-03	5.104904e-02	5.140156e-02	6.527768e-02	3.145260e-02	8.884185e-02	1.762320e-01	8.525107e-02	1.084965e-01	2.869628e-02	2.823705e-02	8.164509e-02	2.350833e-02
1.100000e+02	5.497735e-02	3.736258e-02	7.859192e-02	1.700807e-02	3.555543e-02	4.356267e-02	2.264472e-03	4.571975e-02	9.445891e-03	5.125586e-02	5.198413e-02	6.653786e-02	3.205455e-02	8.964894e-02	1.768809e-01	8.631354e-02	1.104343e-01	2.886366e-02	2.906143e-02	8.236535e-02	2.463559e-02
1.110000e+02	5.557887e-02	3.820052e-02	8.126162e-02	1.697529e-02	3.504043e-02	4.254603e-02	2.145825e-03	4.682637e-02	9.162264e-03	5.183676e-02	5.247140e-02	6.730651e-02	3.282714e-02	8.983945e-02	1.777479e-01	8.732072e-02	1.118640e-01	2.922147e-02	3.001445e-02	8.345053e-02	2.551876e-02
1.120000e+02	5.619534e-02	3.873881e-02	8.333383e-02	1.728023e-02	3.410618e-02	4.128779e-02	2.029244e-03	4.819144e-02	8.788136e-03	5.235261e-02	5.328619e-02	6.828423e-02	3.356575e-02	8.928838e-02	1.792075e-01	8.910317e-02	1.135780e-01	2.945062e-02	3.092730e-02	8.448491e-02	2.662261e-02
1.130000e+02	5.683087e-02	3.895895e-02	8.495467e-02	1.800918e-02	3.331406e-02	3.976826e-02	2.065640e-03	4.974636e-02	8.307849e-03	5.303020e-02	5.468620e-02	6.930596e-02	3.428238e-02	8.856724e-02	1.807044e-01	9.131555e-02	1.149029e-01	2.939395e-02	3.206661e-02	8.528911e-02	2.794781e-02
1.140000e+02	5.736414e-02	3.890858e-02	8.648908e-02	1.868047e-02	3.288719e-02	3.818241e-02	2.175736e-03	5.122495e-02	7.765180e-03	5.331389e-02	5.632308e-02	7.042250e-02	3.489114e-02	8.744062e-02	1.816887e-01	9.331166e-02	1.155823e-01	2.936058e-02	3.351481e-02	8.588233e-02	2.923771e-02
1.150000e+02	5.781129e-02	3.893087e-02	8.840376e-02	1.868000e-02	3.283015e-02	3.699102e-02	2.199846e-03	5.225134e-02	7.249262e-03	5.253223e-02	5.808425e-02	7.177791e-02	3.512611e-02	8.647605e-02	1.818382e-01	9.525607e-02	1.166240e-01	2.916903e-02	3.493864e-02	8.623568e-02	3.063148e-02
1.160000e+02	5.829162e-02	3.890835e-02	9.069891e-02	1.853325e-02	3.300151e-02	3.616343e-02	2.173996e-03	5.249751e-02	6.662144e-03	5.155227e-02	5.956141e-02	7.333104e-02	3.515008e-02	8.628329e-02	1.816293e-01	9.734314e-02	1.181772e-01	2.916742e-02	3.637223e-02	8.685636e-02	3.176960e-02
1.170000e+02	5.882904e-02	3.871131e-02	9.303593e-02	1.842058e-02	3.295403e-02	3.543405e-02	2.189497e-03	5.270013e-02	6.037528e-03	5.088704e-02	6.085422e-02	7.523282e-02	3.535190e-02	8.627054e-02	1.812734e-01	9.921330e-02	1.197419e-01	2.950715e-02	3.832291e-02	8.793872e-02	3.250378e-02
1.180000e+02	5.941241e-02	3.866612e-02	9.466387e-02	1.824992e-02	3.278330e-02	3.471848e-02	2.218053e-03	5.356277e-02	5.633897e-03	5.016332e-02	6.219268e-02	7.718403e-02	3.560036e-02	8.633795e-02	1.813172e-01	1.006775e-01	1.209255e-01	2.959606e-02	4.082318e-02	8.963145e-02	3.330264e-02
1.190000e+02	6.005383e-02	3.870337e-02	9.580835e-02	1.808355e-02	3.265548e-02	3.407861e-02	2.309898e-03	5.462632e-02	5.547478e-03	4.954194e-02	6.339782e-02	7.885357e-02	3.593984e-02	8.676205e-02	1.822116e-01	1.023394e-01	1.220727e-01	2.971701e-02	4.323371e-02	9.132315e-02	3.387063e-02
1.200000e+02	6.070546e-02	3.855132e-02	9.687856e-02	1.764496e-02	3.278517e-02	3.341839e-02	2.451986e-03	5.567196e-02	5.675784e-03	4.898877e-02	6.408051e-02	8.020588e-02	3.650757e-02	8.745163e-02	1.835568e-01	1.050187e-01	1.232931e-01	3.009390e-02	4.544622e-02	9.220963e-02	3.417844e-02
1.210000e+02	6.134553e-02	3.810233e-02	9.762621e-02	1.708844e-02	3.313302e-02	3.241993e-02	2.508389e-03	5.708021e-02	5.832784e-03	4.821688e-02	6.450561e-02	8.224303e-02	3.722623e-02	8.775811e-02	1.848109e-01	1.079968e-01	1.244972e-01	3.038042e-02	4.753584e-02	9.330546e-02	3.464274e-02
1.220000e+02	6.201220e-02	3.752576e-02	9.854603e-02	1.656670e-02	3.343824e-02	3.123377e-02	2.475403e-03	5.843120e-02	6.087332e-03	4.754055e-02	6.488886e-02	8.493592e-02	3.801599e-02	8.730074e-02	1.857473e-01	1.112806e-01	1.260488e-01	3.043308e-02	4.940976e-02	9.475120e-02	3.558678e-02
1.230000e+02	6.267095e-02	3.683226e-02	9.975393e-02	1.628476e-02	3.389115e-02	3.003599e-02	2.413684e-03	5.917173e-02	6.469941e-03	4.711008e-02	6.544628e-02	8.723942e-02	3.871192e-02	8.607342e-02	1.873371e-01	1.152514e-01	1.275119e-01	2.989503e-02	5.122829e-02	9.567774e-02	3.708298e-02
1.240000e+02	6.324956e-02	3.591385e-02	1.007176e-01	1.637260e-02	3.428866e-02	2.887003e-02	2.322288e-03	5.973199e-02	6.784301e-03	4.693660e-02	6.674405e-02	8.913199e-02	3.928290e-02	8.436744e-02	1.886791e-01	1.194705e-01	1.286268e-01	2.886399e-02	5.301335e-02	9.634225e-02	3.853096e-02
1.250000e+02	6.385450e-02	3.493985e-02	1.017698e-01	1.649796e-02	3.438554e-02	2.787190e-02	2.242153e-03	6.022477e-02	7.060454e-03	4.724964e-02	6.848823e-02	9.066386e-02	3.961207e-02	8.354323e-02	1.890078e-01	1.236510e-01	1.299297e-01	2.833594e-02	5.505277e-02	9.676848e-02	3.979492e-02
1.260000e+02	6.452241e-02	3.407294e-02	1.027445e-01	1.658215e-02	3.455760e-02	2.733813e-02	2.265427e-03	6.004946e-02	7.319281e-03	4.790573e-02	7.009218e-02	9.173507e-02	3.974173e-02	8.354901e-02	1.897576e-01	1.275383e-01	1.312275e-01	2.825858e-02	5.749361e-02	9.711043e-02	4.110896e-02
1.270000e+02	6.519161e-02	3.340133e-02	1.037718e-01	1.656231e-02	3.522781e-02	2.686815e-02	2.377547e-03	5.928734e-02	7.522140e-03	4.875959e-02	7.197062e-02	9.271688e-02	3.980045e-02	8.366491e-02	1.908293e-01	1.313708e-01	1.321609e-01	2.791245e-02	5.972462e-02	9.754111e-02	4.236219e-02
1.280000e+02	6.589820e-02	3.299286e-02	1.054435e-01	1.609573e-02	3.641720e-02	2.631253e-02	2.444040e-03	5.869044e-02	7.615563e-03	4.936707e-02	7.402134e-02	9.382758e-02	3.963443e-02	8.432794e-02	1.912174e-01	1.352994e-01	1.331513e-01	2.724984e-02	6.186796e-02	9.835052e-02	4.363749e-02
1.290000e+02	6.665143e-02	3.286714e-02	1.070339e-01	1.557439e-02	3.811553e-02	2.581779e-02	2.456153e-03	5.845760e-02	7.648064e-03	4.960714e-02	7.598818e-02	9.482344e-02	3.938957e-02	8.539444e-02	1.908831e-01	1.393532e-01	1.346440e-01	2.649114e-02	6.411450e-02	9.939239e-02	4.497693e-02
1.300000e+02	6.742226e-02	3.291871e-02	1.086111e-01	1.515182e-02	3.988381e-02	2.538256e-02	2.497275e-03	5.883265e-02	7.695444e-03	4.990763e-02	7.842089e-02	9.531159e-02	3.884680e-02	8.664516e-02	1.903220e-01	1.434663e-01	1.362140e-01	2.567300e-02	6.596505e-02	1.003520e-01	4.634732e-02
1.310000e+02	6.815604e-02	3.315370e-02	1.099409e-01	1.460495e-02	4.138416e-02	2.509917e-02	2.545851e-03	5.985551e-02	7.754335e-03	5.018734e-02	8.112096e-02	9.528609e-02	3.828313e-02	8.802899e-02	1.902380e-01	1.475345e-01	1.372961e-01	2.484335e-02	6.661081e-02	1.011872e-01	4.816574e-02
1.320000e+02	6.882694e-02	3.356899e-02	1.108494e-01	1.402763e-02	4.288995e-02	2.485322e-02	2.526049e-03	6.139328e-02	7.824217e-03	5.025276e-02	8.399870e-02	9.465926e-02	3.824368e-02	8.915856e-02	1.901421e-01	1.509699e-01	1.382409e-01	2.420433e-02	6.644214e-02	1.018844e-01	5.040937e-02
1.330000e+02	6.944897e-02	3.423379e-02	1.115573e-01	1.355011e-02	4.408730e-02	2.473838e-02	2.517250e-03	6.293294e-02	8.052430e-03	5.036299e-02	8.691946e-02	9.379339e-02	3.843552e-02	8.960559e-02	1.895086e-01	1.534726e-01	1.394367e-01	2.370723e-02	6.648682e-02	1.029425e-01	5.263855e-02
1.340000e+02	6.994489e-02	3.485115e-02	1.120152e-01	1.320096e-02	4.502253e-02	2.490080e-02	2.584154e-03	6.400529e-02	8.478779e-03	5.046180e-02	8.937870e-02	9.334123e-02	3.882189e-02	8.897813e-02	1.888102e-01	1.551361e-01	1.405223e-01	2.334239e-02	6.680882e-02	1.033931e-01	5.484428e-02
1.350000e+02	7.036815e-02	3.521624e-02	1.123897e-01	1.295695e-02	4.611575e-02	2.539245e-02	2.698583e-03	6.482977e-02	8.822709e-03	5.031882e-02	9.149997e-02	9.350168e-02	3.935777e-02	8.738184e-02	1.883758e-01	1.564716e-01	1.416868e-01	2.305473e-02	6.686511e-02	1.031973e-01	5.722942e-02
1.360000e+02	7.077490e-02	3.555171e-02	1.123248e-01	1.269869e-02	4.730066e-02	2.586438e-02	2.716517e-03	6.537074e-02	9.003970e-03	5.014475e-02	9.353721e-02	9.427226e-02	3.999983e-02	8.550444e-02	1.880193e-01	1.576464e-01	1.437184e-01	2.291594e-02	6.674685e-02	1.026273e-01	5.953388e-02
1.370000e+02	7.123324e-02	3.556574e-02	1.118157e-01	1.260568e-02	4.847498e-02	2.628526e-02	2.773832e-03	6.562777e-02	9.180619e-03	4.955525e-02	9.536307e-02	9.574750e-02	4.080837e-02	8.442751e-02	1.883510e-01	1.586431e-01	1.467112e-01	2.291664e-02	6.687699e-02	1.015423e-01	6.139232e-02
1.380000e+02	7.183656e-02	3.532126e-02	1.118807e-01	1.294521e-02	4.966120e-02	2.662591e-02	3.014640e-03	6.603723e-02	9.496194e-03	4.852482e-02	9.714150e-02	9.755629e-02	4.139386e-02	8.484522e-02	1.890490e-01	1.596824e-01	1.497317e-01	2.282788e-02	6.731918e-02	1.006080e-01	6.306899e-02
1.390000e+02	7.237315e-02	3.486923e-02	1.126264e-01	1.319179e-02	5.076546e-02	2.647273e-02	3.335607e-03	6.682472e-02	9.892438e-03	4.783183e-02	9.867882e-02	9.912471e-02	4.190351e-02	8.490981e-02	1.888577e-01	1.613600e-01	1.522357e-01	2.270742e-02	6.786585e-02	9.905321e-02	6.495602e-02
1.400000e+02	7.291647e-02	3.440234e-02	1.136857e-01	1.329040e-02	5.178047e-02	2.604005e-02	3.781856e-03	6.761603e-02	1.031715e-02	4.757560e-02	9.991631e-02	1.006695e-01	4.284353e-02	8.408825e-02	1.885940e-01	1.640769e-01	1.548321e-01	2.249640e-02	6.846776e-02	9.671841e-02	6.713652e-02
1.410000e+02	7.351478e-02	3.418867e-02	1.148973e-01	1.336554e-02	5.282557e-02	2.568978e-02	4.376507e-03	6.820188e-02	1.083941e-02	4.732626e-02	1.011037e-01	1.017520e-01	4.410673e-02	8.346540e-02	1.885104e-01	1.667669e-01	1.575214e-01	2.214791e-02	6.952832e-02	9.418229e-02	6.949969e-02
1.420000e+02	7.411920e-02	3.421640e-02	1.161030e-01	1.305881e-02	5.402081e-02	2.533725e-02	5.017049e-03	6.878016e-02	1.129115e-02	4.708285e-02	1.026799e-01	1.023228e-01	4.564745e-02	8.274150e-02	1.877129e-01	1.686728e-01	1.607053e-01	2.194722e-02	7.077772e-02	9.216006e-02	7.210897e-02
1.430000e+02	7.470870e-02	3.415455e-02	1.170794e-01	1.253566e-02	5.552054e-02	2.500665e-02	5.646840e-03	6.946811e-02	1.179656e-02	4.693640e-02	1.042812e-01	1.027163e-01	4.751176e-02	8.137029e-02	1.863145e-01	1.703813e-01	1.644615e-01	2.166368e-02	7.199160e-02	9.030589e-02	7.503128e-02
1.440000e+02	7.531109e-02	3.415887e-02	1.177072e-01	1.211410e-02	5.744086e-02	2.452272e-02	6.464749e-03	7.056777e-02	1.238504e-02	4.708711e-02	1.053771e-01	1.026814e-01	4.937071e-02	8.020640e-02	1.856686e-01	1.725128e-01	1.680508e-01	2.103078e-02	7.288339e-02	8.806222e-02	7.792922e-02
1.450000e+02	7.590237e-02	3.420186e-02	1.175897e-01	1.194173e-02	5.933181e-02	2.386444e-02	7.604486e-03	7.201529e-02	1.287694e-02	4.757512e-02	1.062136e-01	1.028726e-01	5.098754e-02	7.959219e-02	1.856128e-01	1.742292e-01	1.717581e-01	2.035007e-02	7.364925e-02	8.550582e-02	8.027501e-02
1.460000e+02	7.642822e-02	3.418795e-02	1.171120e-01	1.205463e-02	6.079120e-02	2.320289e-02	8.942014e-03	7.326614e-02	1.348902e-02	4.811453e-02	1.065818e-01	1.036605e-01	5.239406e-02	7.904028e-02	1.859300e-01	1.749203e-01	1.751543e-01	1.966297e-02	7.476961e-02	8.329594e-02	8.199429e-02
1.470000e+02	7.695849e-02	3.445953e-02	1.169309e-01	1.234437e-02	6.214224e-02	2.259789e-02	1.042045e-02	7.418107e-02	1.403312e-02	4.843807e-02	1.060431e-01	1.049497e-01	5.383156e-02	7.896798e-02	1.869246e-01	1.749368e-01	1.780912e-01	1.905512e-02	7.601363e-02	8.158694e-02	8.322167e-02
1.480000e+02	7.745175e-02	3.504085e-02	1.171558e-01	1.260680e-02	6.401546e-02	2.200063e-02	1.189709e-02	7.497703e-02	1.439765e-02	4.880452e-02	1.052243e-01	1.064502e-01	5.488758e-02	7.886707e-02	1.880192e-01	1.741817e-01	1.807694e-01	1.841084e-02	7.748144e-02	7.977617e-02	8.407124e-02
1.490000e+02	7.796932e-02	3.582418e-02	1.173873e-01	1.280423e-02	6.581809e-02	2.148729e-02	1.339463e-02	7.619201e-02	1.461121e-02	4.915073e-02	1.048777e-01	1.083626e-01	5.550473e-02	7.820654e-02	1.895790e-01	1.730395e-01	1.826886e-01	1.805445e-02	7.953640e-02	7.817578e-02	8.469155e-02
1.500000e+02	7.857622e-02	3.653606e-02	1.177413e-01	1.305643e-02	6.727903e-02	2.086822e-02	1.502517e-02	7.805539e-02	1.442544e-02	4.938583e-02	1.052067e-01	1.109593e-01	5.602420e-02	7.749313e-02	1.914276e-01	1.721128e-01	1.841663e-01	1.821772e-02	8.194336e-02	7.648937e-02	8.511123e-02
1.510000e+02	7.924619e-02	3.705171e-02	1.183569e-01	1.322426e-02	6.924621e-02	2.018779e-02	1.690864e-02	7.954947e-02	1.409599e-02	4.970688e-02	1.057440e-01	1.137673e-01	5.649911e-02	7.702962e-02	1.930300e-01	1.716279e-01	1.858747e-01	1.857575e-02	8.410658e-02	7.443550e-02	8.590566e-02
1.520000e+02	7.997788e-02	3.725929e-02	1.190528e-01	1.328354e-02	7.128892e-02	1.968143e-02	1.903990e-02	8.056610e-02	1.378701e-02	5.007557e-02	1.059726e-01	1.168046e-01	5.694531e-02	7.673781e-02	1.942291e-01	1.718395e-01	1.880429e-01	1.888109e-02	8.626662e-02	7.252892e-02	8.727453e-02
1.530000e+02	8.081494e-02	3.705584e-02	1.196947e-01	1.339828e-02	7.295307e-02	1.944321e-02	2.080934e-02	8.089872e-02	1.363545e-02	5.028581e-02	1.063354e-01	1.203441e-01	5.743217e-02	7.693981e-02	1.958496e-01	1.728541e-01	1.910519e-01	1.909240e-02	8.879637e-02	7.102922e-02	8.839920e-02
1.540000e+02	8.172743e-02	3.670149e-02	1.205104e-01	1.379870e-02	7.440456e-02	1.963555e-02	2.228058e-02	8.032721e-02	1.369707e-02	5.073827e-02	1.068212e-01	1.239034e-01	5.821829e-02	7.782471e-02	1.977447e-01	1.742835e-01	1.943807e-01	1.930568e-02	9.084823e-02	6.998954e-02	8.913468e-02
1.550000e+02	8.263214e-02	3.632077e-02	1.209859e-01	1.428023e-02	7.578459e-02	1.993943e-02	2.400675e-02	7.938350e-02	1.399151e-02	5.192983e-02	1.072433e-01	1.271828e-01	5.902121e-02	7.866575e-02	1.991851e-01	1.757345e-01	1.977886e-01	1.943724e-02	9.241967e-02	6.957686e-02	8.976523e-02
1.560000e+02	8.353494e-02	3.608736e-02	1.207353e-01	1.468093e-02	7.716454e-02	2.025044e-02	2.596240e-02	7.815510e-02	1.434935e-02	5.356644e-02	1.076975e-01	1.305398e-01	5.984326e-02	7.934537e-02	2.003502e-01	1.773712e-01	2.018431e-01	1.969025e-02	9.350309e-02	6.971566e-02	8.984749e-02
1.570000e+02	8.439240e-02	3.615559e-02	1.205150e-01	1.518141e-02	7.840243e-02	2.057313e-02	2.779795e-02	7.690312e-02	1.455344e-02	5.524865e-02	1.086540e-01	1.335804e-01	6.058312e-02	8.013605e-02	2.008649e-01	1.787913e-01	2.062367e-01	2.011345e-02	9.417868e-02	6.991358e-02	8.946531e-02
1.580000e+02	8.511818e-02	3.644260e-02	1.204051e-01	1.564441e-02	7.942910e-02	2.074729e-02	2.935904e-02	7.559725e-02	1.474268e-02	5.686602e-02	1.103689e-01	1.355586e-01	6.077704e-02	8.091508e-02	2.013772e-01	1.793468e-01	2.106871e-01	2.026584e-02	9.543561e-02	6.941060e-02	8.898752e-02
1.590000e+02	8.569549e-02	3.691889e-02	1.209157e-01	1.592621e-02	8.012078e-02	2.077063e-02	3.089865e-02	7.431408e-02	1.493286e-02	5.835404e-02	1.118918e-01	1.364152e-01	6.064785e-02	8.165004e-02	2.019132e-01	1.793377e-01	2.149834e-01	1.998592e-02	9.738172e-02	6.812955e-02	8.842155e-02
1.600000e+02	8.625913e-02	3.742466e-02	1.213385e-01	1.636899e-02	8.053451e-02	2.053607e-02	3.263878e-02	7.340152e-02	1.521375e-02	5.937643e-02	1.129614e-01	1.372065e-01	6.079754e-02	8.246232e-02	2.022981e-01	1.795582e-01	2.191257e-01	1.956536e-02	9.976748e-02	6.680824e-02	8.779856e-02
1.610000e+02	8.694773e-02	3.808024e-02	1.209422e-01	1.699955e-02	8.095453e-02	2.027291e-02	3.406891e-02	7.306017e-02	1.547807e-02	6.037895e-02	1.139894e-01	1.379774e-01	6.148437e-02	8.364875e-02	2.030633e-01	1.805888e-01	2.235240e-01	1.915456e-02	1.024174e-01	6.553282e-02	8.733822e-02
1.620000e+02	8.787046e-02	3.878171e-02	1.203673e-01	1.766375e-02	8.123557e-02	2.038586e-02	3.532721e-02	7.295695e-02	1.571952e-02	6.215870e-02	1.151461e-01	1.386265e-01	6.236328e-02	8.472642e-02	2.043039e-01	1.824350e-01	2.290990e-01	1.887711e-02	1.051912e-01	6.437048e-02	8.767366e-02
1.630000e+02	8.903558e-02	3.920105e-02	1.199499e-01	1.835121e-02	8.183180e-02	2.071884e-02	3.702294e-02	7.260411e-02	1.593044e-02	6.454902e-02	1.167426e-01	1.399802e-01	6.350690e-02	8.559672e-02	2.059103e-01	1.849393e-01	2.356221e-01	1.863262e-02	1.078524e-01	6.349907e-02	8.827010e-02
1.640000e+02	9.016285e-02	3.925291e-02	1.196786e-01	1.903600e-02	8.276109e-02	2.092798e-02	3.878548e-02	7.172536e-02	1.606807e-02	6.698467e-02	1.178622e-01	1.414469e-01	6.460709e-02	8.666997e-02	2.076129e-01	1.877518e-01	2.430346e-01	1.824617e-02	1.097676e-01	6.266442e-02	8.837313e-02
1.650000e+02	9.126134e-02	3.917296e-02	1.198161e-01	1.985438e-02	8.337742e-02	2.107346e-02	4.042069e-02	7.120502e-02	1.615110e-02	6.930559e-02	1.186480e-01	1.430598e-01	6.513977e-02	8.795955e-02	2.090122e-01	1.899333e-01	2.514398e-01	1.782169e-02	1.113418e-01	6.175915e-02	8.873499e-02
1.660000e+02	9.244879e-02	3.933619e-02	1.205371e-01	2.073766e-02	8.394536e-02	2.124521e-02	4.204671e-02	7.104389e-02	1.609685e-02	7.150406e-02	1.194550e-01	1.453810e-01	6.552874e-02	8.971660e-02	2.104854e-01	1.918891e-01	2.597449e-01	1.729703e-02	1.124450e-01	6.089144e-02	8.964853e-02
1.670000e+02	9.374150e-02	3.972105e-02	1.217715e-01	2.172200e-02	8.501697e-02	2.147230e-02	4.405228e-02	7.083971e-02	1.577124e-02	7.380537e-02	1.202753e-01	1.476963e-01	6.614920e-02	9.163159e-02	2.124968e-01	1.942236e-01	2.675023e-01	1.673301e-02	1.129585e-01	6.020699e-02	9.078378e-02
1.680000e+02	9.511468e-02	4.016701e-02	1.229287e-01	2.290481e-02	8.654095e-02	2.163850e-02	4.646044e-02	7.057604e-02	1.527199e-02	7.615618e-02	1.216464e-01	1.502111e-01	6.652381e-02	9.323042e-02	2.147323e-01	1.967590e-01	2.749005e-01	1.624834e-02	1.139091e-01	6.003838e-02	9.144953e-02
1.690000e+02	9.657353e-02	4.084915e-02	1.236939e-01	2.423045e-02	8.866220e-02	2.151468e-02	4.915538e-02	7.066860e-02	1.478619e-02	7.866996e-02	1.233449e-01	1.529535e-01	6.646588e-02	9.480019e-02	2.166801e-01	1.992551e-01	2.827525e-01	1.614691e-02	1.150963e-01	6.022101e-02	9.152378e-02
1.700000e+02	9.815398e-02	4.171528e-02	1.245231e-01	2.591713e-02	9.133516e-02	2.142683e-02	5.195139e-02	7.099884e-02	1.402327e-02	8.153946e-02	1.248620e-01	1.552680e-01	6.671122e-02	9.624712e-02	2.185280e-01	2.022679e-01	2.919058e-01	1.618547e-02	1.159404e-01	6.055846e-02	9.117489e-02
1.710000e+02	9.967716e-02	4.257781e-02	1.254648e-01	2.807207e-02	9.408677e-02	2.133501e-02	5.420698e-02	7.063966e-02	1.307825e-02	8.435762e-02	1.266941e-01	1.577605e-01	6.716662e-02	9.728797e-02	2.202135e-01	2.058752e-01	3.011865e-01	1.613184e-02	1.161480e-01	6.094049e-02	9.031947e-02
1.720000e+02	1.011729e-01	4.340240e-02	1.262193e-01	3.038847e-02	9.687350e-02	2.094483e-02	5.662412e-02	7.013173e-02	1.223208e-02	8.695367e-02	1.293762e-01	1.602170e-01	6.785859e-02	9.785905e-02	2.220019e-01	2.094755e-01	3.095149e-01	1.598914e-02	1.161553e-01	6.167509e-02	8.956520e-02
1.730000e+02	1.026535e-01	4.409126e-02	1.261960e-01	3.273263e-02	9.901613e-02	2.045431e-02	5.977694e-02	6.968140e-02	1.151589e-02	8.931413e-02	1.328015e-01	1.617932e-01	6.892421e-02	9.818291e-02	2.240957e-01	2.126335e-01	3.180159e-01	1.574337e-02	1.164086e-01	6.256049e-02	8.913139e-02
1.740000e+02	1.040689e-01	4.444809e-02	1.253658e-01	3.509395e-02	1.008475e-01	2.011508e-02	6.341782e-02	6.952479e-02	1.098740e-02	9.159925e-02	1.362358e-01	1.626748e-01	6.989983e-02	9.832424e-02	2.268078e-01	2.154324e-01	3.262601e-01	1.540816e-02	1.170388e-01	6.329677e-02	8.859970e-02
1.750000e+02	1.054390e-01	4.492725e-02	1.244009e-01	3.757634e-02	1.033817e-01	2.003592e-02	6.735706e-02	7.015793e-02	1.062671e-02	9.341463e-02	1.393247e-01	1.627327e-01	7.082210e-02	9.815969e-02	2.298967e-01	2.178174e-01	3.329982e-01	1.494727e-02	1.179131e-01	6.464640e-02	8.764349e-02
1.760000e+02	1.067555e-01	4.565533e-02	1.240084e-01	4.021658e-02	1.064626e-01	2.013591e-02	7.132370e-02	7.103573e-02	1.031402e-02	9.472169e-02	1.427273e-01	1.625088e-01	7.146929e-02	9.809936e-02	2.326192e-01	2.189947e-01	3.384209e-01	1.460573e-02	1.190843e-01	6.610621e-02	8.660011e-02
1.770000e+02	1.078928e-01	4.650766e-02	1.246352e-01	4.238151e-02	1.090704e-01	2.022097e-02	7.528082e-02	7.122149e-02	1.004966e-02	9.584821e-02	1.459057e-01	1.622869e-01	7.176533e-02	9.805763e-02	2.344969e-01	2.192048e-01	3.432880e-01	1.431764e-02	1.207615e-01	6.730350e-02	8.525251e-02
1.780000e+02	1.089768e-01	4.758773e-02	1.258458e-01	4.398777e-02	1.112500e-01	2.027580e-02	7.918907e-02	7.130114e-02	9.771908e-03	9.705508e-02	1.489633e-01	1.621214e-01	7.193749e-02	9.777978e-02	2.358076e-01	2.195813e-01	3.482492e-01	1.410628e-02	1.222812e-01	6.852590e-02	8.391870e-02
1.790000e+02	1.101194e-01	4.868009e-02	1.267724e-01	4.538086e-02	1.134686e-01	2.042307e-02	8.269458e-02	7.195631e-02	9.393208e-03	9.890559e-02	1.522023e-01	1.621763e-01	7.190485e-02	9.721332e-02	2.374953e-01	2.202041e-01	3.535038e-01	1.397491e-02	1.235003e-01	6.966311e-02	8.287535e-02
1.800000e+02	1.111453e-01	4.982643e-02	1.272602e-01	4.657629e-02	1.156972e-01	2.066204e-02	8.566492e-02	7.252800e-02	9.048447e-03	1.006496e-01	1.550323e-01	1.622135e-01	7.206829e-02	9.655808e-02	2.387361e-01	2.214329e-01	3.582291e-01	1.355697e-02	1.246425e-01	7.066302e-02	8.186080e-02
1.810000e+02	1.120052e-01	5.089496e-02	1.275947e-01	4.787119e-02	1.179068e-01	2.081593e-02	8.825609e-02	7.288917e-02	8.873553e-03	1.023510e-01	1.571676e-01	1.618998e-01	7.264221e-02	9.630257e-02	2.385759e-01	2.238607e-01	3.619626e-01	1.300574e-02	1.249391e-01	7.149475e-02	8.079885e-02
1.820000e+02	1.128558e-01	5.207075e-02	1.277884e-01	4.950278e-02	1.200330e-01	2.100113e-02	9.070201e-02	7.386919e-02	8.838661e-03	1.040580e-01	1.585257e-01	1.612055e-01	7.341545e-02	9.673598e-02	2.377712e-01	2.276426e-01	3.650356e-01	1.236550e-02	1.244395e-01	7.271172e-02	7.940247e-02
1.830000e+02	1.139091e-01	5.340504e-02	1.283999e-01	5.137624e-02	1.215333e-01	2.122808e-02	9.352283e-02	7.520098e-02	8.936422e-03	1.054186e-01	1.596022e-01	1.604872e-01	7.431417e-02	9.819663e-02	2.378251e-01	2.326275e-01	3.684048e-01	1.166934e-02	1.241046e-01	7.408867e-02	7.784053e-02
1.840000e+02	1.151016e-01	5.456954e-02	1.293408e-01	5.323281e-02	1.224699e-01	2.138801e-02	9.683626e-02	7.636945e-02	9.169045e-03	1.066800e-01	1.606381e-01	1.601498e-01	7.530681e-02	1.000384e-01	2.386536e-01	2.380581e-01	3.714758e-01	1.123280e-02	1.245828e-01	7.493675e-02	7.690324e-02
1.850000e+02	1.163196e-01	5.580827e-02	1.305814e-01	5.522712e-02	1.230010e-01	2.159847e-02	1.001583e-01	7.737189e-02	9.438516e-03	1.081823e-01	1.613221e-01	1.603679e-01	7.632296e-02	1.012693e-01	2.400044e-01	2.431701e-01	3.737056e-01	1.094827e-02	1.254828e-01	7.600143e-02	7.642890e-02
1.860000e+02	1.176082e-01	5.738273e-02	1.322646e-01	5.778304e-02	1.238711e-01	2.171391e-02	1.035822e-01	7.805619e-02	9.727459e-03	1.098868e-01	1.613955e-01	1.610080e-01	7.719385e-02	1.020944e-01	2.422748e-01	2.467189e-01	3.770336e-01	1.060204e-02	1.259589e-01	7.762682e-02	7.598867e-02
1.870000e+02	1.189037e-01	5.897254e-02	1.334236e-01	6.083847e-02	1.250283e-01	2.172717e-02	1.069702e-01	7.893152e-02	9.985751e-03	1.116045e-01	1.609268e-01	1.618837e-01	7.833978e-02	1.030165e-01	2.451908e-01	2.485751e-01	3.817199e-01	1.010590e-02	1.260755e-01	7.930942e-02	7.544772e-02
1.880000e+02	1.201285e-01	6.057458e-02	1.341132e-01	6.404055e-02	1.263349e-01	2.180865e-02	1.090558e-01	8.006973e-02	1.005871e-02	1.138079e-01	1.608117e-01	1.624220e-01	7.963057e-02	1.039854e-01	2.480649e-01	2.500053e-01	3.868831e-01	9.391092e-03	1.259411e-01	8.130938e-02	7.426121e-02
1.890000e+02	1.211547e-01	6.171557e-02	1.343917e-01	6.721003e-02	1.281396e-01	2.192581e-02	1.098670e-01	8.134862e-02	1.020166e-02	1.164968e-01	1.608013e-01	1.630133e-01	8.047730e-02	1.043609e-01	2.499040e-01	2.513228e-01	3.913214e-01	8.591185e-03	1.256202e-01	8.374123e-02	7.264414e-02
1.900000e+02	1.220007e-01	6.231841e-02	1.343152e-01	7.021964e-02	1.302726e-01	2.188614e-02	1.108404e-01	8.256960e-02	1.041070e-02	1.189801e-01	1.606459e-01	1.638159e-01	8.096365e-02	1.043170e-01	2.507507e-01	2.520349e-01	3.952144e-01	7.980847e-03	1.257719e-01	8.603005e-02	7.067691e-02
1.910000e+02	1.229074e-01	6.308921e-02	1.345411e-01	7.315285e-02	1.325707e-01	2.194138e-02	1.121233e-01	8.315545e-02	1.062248e-02	1.211687e-01	1.605332e-01	1.643625e-01	8.104906e-02	1.041381e-01	2.517517e-01	2.529177e-01	3.995817e-01	7.525383e-03	1.267432e-01	8.826323e-02	6.891630e-02
1.920000e+02	1.239227e-01	6.379773e-02	1.351394e-01	7.629335e-02	1.345043e-01	2.217129e-02	1.132643e-01	8.335126e-02	1.092588e-02	1.228731e-01	1.609916e-01	1.645734e-01	8.055127e-02	1.044569e-01	2.531596e-01	2.550641e-01	4.048133e-01	7.108644e-03	1.276018e-01	9.022416e-02	6.758809e-02
1.930000e+02	1.249763e-01	6.467021e-02	1.358572e-01	7.954759e-02	1.364319e-01	2.217665e-02	1.142855e-01	8.380861e-02	1.114161e-02	1.246692e-01	1.623151e-01	1.649615e-01	7.963829e-02	1.052058e-01	2.540005e-01	2.576662e-01	4.104842e-01	6.643829e-03	1.281584e-01	9.162393e-02	6.624029e-02
1.940000e+02	1.260002e-01	6.583710e-02	1.372766e-01	8.286600e-02	1.383296e-01	2.200731e-02	1.152339e-01	8.444774e-02	1.115759e-02	1.272747e-01	1.638810e-01	1.657221e-01	7.858503e-02	1.055779e-01	2.540681e-01	2.602230e-01	4.149182e-01	6.143888e-03	1.288148e-01	9.258009e-02	6.506029e-02
1.950000e+02	1.268681e-01	6.704752e-02	1.391191e-01	8.661020e-02	1.405063e-01	2.174681e-02	1.158632e-01	8.490951e-02	1.093712e-02	1.294666e-01	1.649165e-01	1.667611e-01	7.756814e-02	1.058362e-01	2.537407e-01	2.621480e-01	4.178386e-01	5.713555e-03	1.293372e-01	9.340809e-02	6.388736e-02
1.960000e+02	1.277441e-01	6.813521e-02	1.397599e-01	9.079858e-02	1.429899e-01	2.130664e-02	1.163619e-01	8.550757e-02	1.071815e-02	1.308242e-01	1.666071e-01	1.683509e-01	7.705512e-02	1.064666e-01	2.535223e-01	2.638099e-01	4.205096e-01	5.359347e-03	1.300929e-01	9.423842e-02	6.246654e-02
1.970000e+02	1.287216e-01	6.882608e-02	1.396817e-01	9.461897e-02	1.453500e-01	2.084099e-02	1.173546e-01	8.634130e-02	1.066344e-02	1.323030e-01	1.695627e-01	1.694068e-01	7.712655e-02	1.076925e-01	2.537953e-01	2.661499e-01	4.225919e-01	5.015311e-03	1.308223e-01	9.524163e-02	6.104739e-02
1.980000e+02	1.297288e-01	6.934001e-02	1.398151e-01	9.815134e-02	1.479072e-01	2.050737e-02	1.192630e-01	8.702471e-02	1.064841e-02	1.343475e-01	1.729726e-01	1.690346e-01	7.796689e-02	1.089909e-01	2.534193e-01	2.685753e-01	4.242843e-01	4.630183e-03	1.314338e-01	9.621228e-02	6.005075e-02
1.990000e+02	1.308508e-01	7.026366e-02	1.397527e-01	1.016172e-01	1.508691e-01	2.015758e-02	1.216904e-01	8.772794e-02	1.056425e-02	1.366026e-01	1.759702e-01	1.688268e-01	7.955225e-02	1.095692e-01	2.524192e-01	2.717209e-01	4.267886e-01	4.268481e-03	1.320685e-01	9.714172e-02	5.944470e-02
2.000000e+02	1.319905e-01	7.159746e-02	1.396554e-01	1.051335e-01	1.540192e-01	2.011617e-02	1.238442e-01	8.843569e-02	1.049944e-02	1.387072e-01	1.786710e-01	1.694636e-01	8.090107e-02	1.094422e-01	2.515648e-01	2.747346e-01	4.295864e-01	4.017814e-03	1.325925e-01	9.820563e-02	5.862133e-02
2.010000e+02	1.330009e-01	7.262724e-02	1.391218e-01	1.087353e-01	1.570222e-01	2.048428e-02	1.257591e-01	8.923554e-02	1.045213e-02	1.406405e-01	1.814638e-01	1.694151e-01	8.148571e-02	1.091466e-01	2.513255e-01	2.765229e-01	4.334703e-01	3.754101e-03	1.327135e-01	9.933202e-02	5.730998e-02
2.020000e+02	1.339476e-01	7.333266e-02	1.384460e-01	1.120568e-01	1.598147e-01	2.072614e-02	1.273483e-01	9.042955e-02	1.044507e-02	1.421653e-01	1.838683e-01	1.688829e-01	8.185687e-02	1.090719e-01	2.518413e-01	2.781700e-01	4.385501e-01	3.406881e-03	1.320666e-01	1.007719e-01	5.570061e-02
2.030000e+02	1.349363e-01	7.367785e-02	1.376260e-01	1.150149e-01	1.628092e-01	2.091056e-02	1.288339e-01	9.224312e-02	1.066290e-02	1.432409e-01	1.866327e-01	1.688499e-01	8.228070e-02	1.086139e-01	2.519409e-01	2.803154e-01	4.441827e-01	3.070551e-03	1.315611e-01	1.019896e-01	5.426982e-02
2.040000e+02	1.359875e-01	7.348974e-02	1.363703e-01	1.174224e-01	1.660895e-01	2.137394e-02	1.299984e-01	9.428289e-02	1.102404e-02	1.445702e-01	1.899436e-01	1.691583e-01	8.230428e-02	1.078162e-01	2.521896e-01	2.829616e-01	4.501128e-01	2.844057e-03	1.316471e-01	1.029148e-01	5.323607e-02
2.050000e+02	1.370175e-01	7.300033e-02	1.357075e-01	1.198713e-01	1.691595e-01	2.208342e-02	1.303415e-01	9.660636e-02	1.131180e-02	1.460967e-01	1.929418e-01	1.695798e-01	8.191064e-02	1.071322e-01	2.526258e-01	2.853319e-01	4.560462e-01	2.722562e-03	1.318926e-01	1.037780e-01	5.221096e-02
2.060000e+02	1.381385e-01	7.245384e-02	1.360205e-01	1.231209e-01	1.722927e-01	2.296757e-02	1.305348e-01	9.950862e-02	1.179928e-02	1.480208e-01	1.958508e-01	1.702100e-01	8.172277e-02	1.063582e-01	2.534048e-01	2.870591e-01	4.606370e-01	2.726919e-03	1.322981e-01	1.050030e-01	5.077943e-02
2.070000e+02	1.393914e-01	7.215896e-02	1.367717e-01	1.261074e-01	1.749652e-01	2.383587e-02	1.307219e-01	1.024993e-01	1.258137e-02	1.501711e-01	1.985796e-01	1.720345e-01	8.248103e-02	1.058127e-01	2.544302e-01	2.882395e-01	4.653967e-01	2.826107e-03	1.326761e-01	1.062722e-01	4.926674e-02
2.080000e+02	1.406747e-01	7.239791e-02	1.376079e-01	1.290396e-01	1.774511e-01	2.437975e-02	1.307879e-01	1.054212e-01	1.316796e-02	1.522081e-01	2.008432e-01	1.748384e-01	8.374429e-02	1.053890e-01	2.547967e-01	2.888357e-01	4.714453e-01	3.032594e-03	1.330822e-01	1.068856e-01	4.813871e-02
2.090000e+02	1.419352e-01	7.295776e-02	1.387391e-01	1.320994e-01	1.799009e-01	2.489059e-02	1.309834e-01	1.080773e-01	1.357524e-02	1.543173e-01	2.025755e-01	1.771911e-01	8.476051e-02	1.048864e-01	2.556176e-01	2.895957e-01	4.775645e-01	3.349113e-03	1.334459e-01	1.069839e-01	4.719191e-02
2.100000e+02	1.431580e-01	7.356095e-02	1.406213e-01	1.350801e-01	1.826396e-01	2.537900e-02	1.315881e-01	1.101801e-01	1.383922e-02	1.563679e-01	2.041395e-01	1.784702e-01	8.501999e-02	1.043455e-01	2.572067e-01	2.916098e-01	4.830664e-01	3.652320e-03	1.333494e-01	1.068761e-01	4.616688e-02
2.110000e+02	1.444340e-01	7.362367e-02	1.430330e-01	1.383489e-01	1.861987e-01	2.599390e-02	1.331527e-01	1.122734e-01	1.406479e-02	1.586446e-01	2.065365e-01	1.791843e-01	8.485703e-02	1.034498e-01	2.588142e-01	2.939572e-01	4.872795e-01	4.062837e-03	1.334991e-01	1.067389e-01	4.496652e-02
2.120000e+02	1.459159e-01	7.354369e-02	1.453953e-01	1.419675e-01	1.897749e-01	2.684074e-02	1.364200e-01	1.142528e-01	1.420419e-02	1.611988e-01	2.096814e-01	1.797890e-01	8.463902e-02	1.020151e-01	2.611334e-01	2.962472e-01	4.918830e-01	4.691741e-03	1.340010e-01	1.067753e-01	4.386370e-02
2.130000e+02	1.476302e-01	7.359534e-02	1.481973e-01	1.460504e-01	1.928167e-01	2.785821e-02	1.406016e-01	1.157354e-01	1.424820e-02	1.636330e-01	2.131235e-01	1.799556e-01	8.426668e-02	1.002768e-01	2.643019e-01	3.002929e-01	4.968039e-01	5.538905e-03	1.346133e-01	1.075592e-01	4.313590e-02
2.140000e+02	1.495686e-01	7.368600e-02	1.511730e-01	1.501509e-01	1.967011e-01	2.898269e-02	1.442205e-01	1.174079e-01	1.474806e-02	1.666993e-01	2.175914e-01	1.800753e-01	8.357985e-02	9.866501e-02	2.670094e-01	3.064646e-01	5.010042e-01	6.666654e-03	1.356392e-01	1.086980e-01	4.220795e-02
2.150000e+02	1.516070e-01	7.420008e-02	1.545867e-01	1.539909e-01	2.021477e-01	2.965354e-02	1.469800e-01	1.192803e-01	1.539948e-02	1.705281e-01	2.229522e-01	1.808316e-01	8.261580e-02	9.740210e-02	2.684430e-01	3.134149e-01	5.042149e-01	8.012986e-03	1.367013e-01	1.097236e-01	4.106188e-02
2.160000e+02	1.535300e-01	7.507825e-02	1.586591e-01	1.575757e-01	2.075974e-01	2.987530e-02	1.490982e-01	1.213733e-01	1.570831e-02	1.741573e-01	2.277009e-01	1.818799e-01	8.244758e-02	9.601697e-02	2.693930e-01	3.199881e-01	5.066709e-01	9.439965e-03	1.376260e-01	1.102587e-01	4.005486e-02
2.170000e+02	1.554291e-01	7.589587e-02	1.631901e-01	1.613898e-01	2.121793e-01	3.010477e-02	1.508472e-01	1.236088e-01	1.559114e-02	1.779135e-01	2.318022e-01	1.822634e-01	8.375114e-02	9.477971e-02	2.714035e-01	3.259337e-01	5.093214e-01	1.079090e-02	1.380811e-01	1.107555e-01	3.897910e-02
2.180000e+02	1.572394e-01	7.635034e-02	1.676192e-01	1.649015e-01	2.163180e-01	3.031969e-02	1.526536e-01	1.260110e-01	1.525192e-02	1.809947e-01	2.352893e-01	1.812621e-01	8.545020e-02	9.453163e-02	2.736188e-01	3.315496e-01	5.127801e-01	1.195217e-02	1.385498e-01	1.114363e-01	3.794835e-02
2.190000e+02	1.588730e-01	7.682815e-02	1.716365e-01	1.673780e-01	2.204251e-01	3.038459e-02	1.540834e-01	1.285202e-01	1.508204e-02	1.841332e-01	2.377792e-01	1.803872e-01	8.652783e-02	9.475341e-02	2.753787e-01	3.371072e-01	5.156260e-01	1.315901e-02	1.391611e-01	1.119884e-01	3.711989e-02
2.200000e+02	1.604345e-01	7.816803e-02	1.762383e-01	1.689308e-01	2.242778e-01	3.033430e-02	1.550500e-01	1.311439e-01	1.512065e-02	1.878426e-01	2.397548e-01	1.799868e-01	8.722384e-02	9.538020e-02	2.773574e-01	3.425382e-01	5.166236e-01	1.466334e-02	1.392511e-01	1.124558e-01	3.634917e-02
2.210000e+02	1.620350e-01	8.051569e-02	1.815260e-01	1.701447e-01	2.267884e-01	3.035778e-02	1.560441e-01	1.337728e-01	1.534743e-02	1.910341e-01	2.423815e-01	1.797097e-01	8.774329e-02	9.628633e-02	2.792178e-01	3.482905e-01	5.178439e-01	1.625608e-02	1.393422e-01	1.126010e-01	3.549630e-02
2.220000e+02	1.635729e-01	8.286870e-02	1.867456e-01	1.718453e-01	2.279447e-01	3.059383e-02	1.574974e-01	1.365798e-01	1.548689e-02	1.934288e-01	2.452771e-01	1.802506e-01	8.783353e-02	9.702027e-02	2.810346e-01	3.541964e-01	5.188945e-01	1.766655e-02	1.396064e-01	1.120025e-01	3.468486e-02
2.230000e+02	1.650187e-01	8.460221e-02	1.913415e-01	1.742683e-01	2.289452e-01	3.093012e-02	1.592133e-01	1.400000e-01	1.549531e-02	1.958607e-01	2.478442e-01	1.807767e-01	8.759725e-02	9.735320e-02	2.831109e-01	3.597342e-01	5.189707e-01	1.880960e-02	1.400663e-01	1.110287e-01	3.442606e-02
2.240000e+02	1.664433e-01	8.565324e-02	1.947448e-01	1.767415e-01	2.303639e-01	3.108090e-02	1.611296e-01	1.433711e-01	1.543871e-02	1.982873e-01	2.498948e-01	1.816910e-01	8.720462e-02	9.776471e-02	2.854786e-01	3.654812e-01	5.195123e-01	1.980906e-02	1.404670e-01	1.100068e-01	3.474558e-02
2.250000e+02	1.679014e-01	8.615828e-02	1.967807e-01	1.789808e-01	2.325463e-01	3.091674e-02	1.633481e-01	1.465524e-01	1.538244e-02	2.011334e-01	2.516372e-01	1.833148e-01	8.692147e-02	9.862398e-02	2.876034e-01	3.711756e-01	5.214340e-01	2.079092e-02	1.404898e-01	1.093249e-01	3.491336e-02
2.260000e+02	1.693283e-01	8.614214e-02	1.982012e-01	1.810344e-01	2.351430e-01	3.071986e-02	1.652252e-01	1.497800e-01	1.543436e-02	2.044668e-01	2.542196e-01	1.852850e-01	8.692246e-02	9.909120e-02	2.895308e-01	3.764751e-01	5.237596e-01	2.155527e-02	1.399686e-01	1.087781e-01	3.483350e-02
2.270000e+02	1.708179e-01	8.556918e-02	2.005212e-01	1.826414e-01	2.379754e-01	3.053172e-02	1.672307e-01	1.530061e-01	1.560051e-02	2.083363e-01	2.574081e-01	1.878963e-01	8.684935e-02	9.937653e-02	2.923769e-01	3.816359e-01	5.261561e-01	2.210979e-02	1.388221e-01	1.077036e-01	3.461085e-02
2.280000e+02	1.724656e-01	8.465959e-02	2.040561e-01	1.845436e-01	2.401684e-01	2.998859e-02	1.693209e-01	1.558642e-01	1.564956e-02	2.127872e-01	2.612006e-01	1.914937e-01	8.713164e-02	9.995282e-02	2.961628e-01	3.867600e-01	5.287424e-01	2.256517e-02	1.375534e-01	1.063434e-01	3.436823e-02
2.290000e+02	1.741343e-01	8.372823e-02	2.081965e-01	1.872779e-01	2.410919e-01	2.948448e-02	1.710587e-01	1.590197e-01	1.559635e-02	2.172215e-01	2.654262e-01	1.947755e-01	8.842915e-02	1.005767e-01	2.993346e-01	3.911382e-01	5.314217e-01	2.310103e-02	1.364271e-01	1.053643e-01	3.401655e-02
2.300000e+02	1.758176e-01	8.294849e-02	2.127523e-01	1.898991e-01	2.416575e-01	2.901663e-02	1.726993e-01	1.625368e-01	1.586541e-02	2.215117e-01	2.694195e-01	1.969188e-01	8.993348e-02	1.012435e-01	3.015784e-01	3.961062e-01	5.347962e-01	2.387646e-02	1.353408e-01	1.048207e-01	3.343164e-02
2.310000e+02	1.776474e-01	8.227145e-02	2.178639e-01	1.934529e-01	2.426987e-01	2.818345e-02	1.745535e-01	1.657371e-01	1.623025e-02	2.262487e-01	2.732511e-01	1.984409e-01	9.116766e-02	1.019075e-01	3.042023e-01	4.022841e-01	5.382106e-01	2.472030e-02	1.340332e-01	1.043147e-01	3.317526e-02
2.320000e+02	1.796436e-01	8.172944e-02	2.233681e-01	1.981025e-01	2.441656e-01	2.727206e-02	1.771485e-01	1.686585e-01	1.640161e-02	2.314339e-01	2.768045e-01	1.995639e-01	9.317086e-02	1.023638e-01	3.071836e-01	4.087692e-01	5.410101e-01	2.548438e-02	1.331224e-01	1.039039e-01	3.321539e-02
2.330000e+02	1.816382e-01	8.134397e-02	2.291461e-01	2.019104e-01	2.455027e-01	2.639488e-02	1.808679e-01	1.715917e-01	1.639139e-02	2.364750e-01	2.800543e-01	2.009333e-01	9.577403e-02	1.029646e-01	3.098693e-01	4.151016e-01	5.432766e-01	2.594511e-02	1.322942e-01	1.037527e-01	3.317512e-02
2.340000e+02	1.836227e-01	8.133879e-02	2.351161e-01	2.050611e-01	2.470550e-01	2.533769e-02	1.848813e-01	1.747098e-01	1.634167e-02	2.429796e-01	2.832677e-01	2.025114e-01	9.830811e-02	1.035083e-01	3.130230e-01	4.204134e-01	5.447213e-01	2.594639e-02	1.310786e-01	1.039046e-01	3.294939e-02
2.350000e+02	1.857373e-01	8.221850e-02	2.405156e-01	2.078458e-01	2.486256e-01	2.436309e-02	1.887185e-01	1.776386e-01	1.650910e-02	2.506534e-01	2.870206e-01	2.036499e-01	1.012448e-01	1.046406e-01	3.167328e-01	4.248325e-01	5.468436e-01	2.597985e-02	1.299444e-01	1.041066e-01	3.266207e-02
2.360000e+02	1.879114e-01	8.329672e-02	2.440486e-01	2.104505e-01	2.507017e-01	2.372594e-02	1.921625e-01	1.804355e-01	1.676111e-02	2.585000e-01	2.919964e-01	2.055462e-01	1.044583e-01	1.066121e-01	3.195177e-01	4.284295e-01	5.490072e-01	2.638501e-02	1.288496e-01	1.047078e-01	3.263504e-02
2.370000e+02	1.899069e-01	8.402073e-02	2.460540e-01	2.135389e-01	2.524862e-01	2.311800e-02	1.946699e-01	1.830665e-01	1.686968e-02	2.667533e-01	2.974693e-01	2.087418e-01	1.065720e-01	1.085949e-01	3.213679e-01	4.313856e-01	5.504128e-01	2.705167e-02	1.274215e-01	1.058078e-01	3.273466e-02
2.380000e+02	1.918453e-01	8.429132e-02	2.486192e-01	2.168132e-01	2.534975e-01	2.252949e-02	1.974427e-01	1.852920e-01	1.694289e-02	2.745935e-01	3.029419e-01	2.120775e-01	1.075423e-01	1.100521e-01	3.232170e-01	4.345434e-01	5.533087e-01	2.765124e-02	1.260188e-01	1.067814e-01	3.274979e-02
2.390000e+02	1.938562e-01	8.434271e-02	2.520303e-01	2.200015e-01	2.554410e-01	2.214970e-02	1.999121e-01	1.868642e-01	1.696307e-02	2.807801e-01	3.087977e-01	2.156876e-01	1.081184e-01	1.107697e-01	3.250836e-01	4.384111e-01	5.580497e-01	2.797083e-02	1.248374e-01	1.082436e-01	3.266938e-02
2.400000e+02	1.957302e-01	8.442450e-02	2.548755e-01	2.229095e-01	2.574338e-01	2.189161e-02	2.007228e-01	1.881252e-01	1.725564e-02	2.861016e-01	3.147836e-01	2.193950e-01	1.081320e-01	1.112305e-01	3.263511e-01	4.426200e-01	5.633670e-01	2.817208e-02	1.239672e-01	1.100399e-01	3.280637e-02
2.410000e+02	1.975155e-01	8.461758e-02	2.568204e-01	2.251985e-01	2.588955e-01	2.138835e-02	2.013117e-01	1.898767e-01	1.808919e-02	2.905233e-01	3.215293e-01	2.224718e-01	1.074976e-01	1.113959e-01	3.268252e-01	4.479908e-01	5.696679e-01	2.828511e-02	1.236220e-01	1.113084e-01	3.299443e-02
2.420000e+02	1.993479e-01	8.484175e-02	2.587532e-01	2.266916e-01	2.602546e-01	2.073868e-02	2.033520e-01	1.918117e-01	1.937376e-02	2.938625e-01	3.289506e-01	2.256768e-01	1.067805e-01	1.117881e-01	3.270764e-01	4.526790e-01	5.774271e-01	2.813565e-02	1.234666e-01	1.126835e-01	3.261369e-02
2.430000e+02	2.011746e-01	8.474950e-02	2.610612e-01	2.284043e-01	2.616790e-01	2.043662e-02	2.066357e-01	1.934420e-01	2.106197e-02	2.978850e-01	3.372696e-01	2.290648e-01	1.058024e-01	1.121246e-01	3.274554e-01	4.549788e-01	5.845746e-01	2.769617e-02	1.231512e-01	1.139783e-01	3.204135e-02
2.440000e+02	2.029417e-01	8.499514e-02	2.634368e-01	2.312041e-01	2.638407e-01	2.030151e-02	2.093373e-01	1.948711e-01	2.248262e-02	3.026608e-01	3.463643e-01	2.317824e-01	1.046700e-01	1.120610e-01	3.279742e-01	4.570730e-01	5.894843e-01	2.729088e-02	1.225150e-01	1.148271e-01	3.166155e-02
2.450000e+02	2.047944e-01	8.560274e-02	2.664682e-01	2.338800e-01	2.667119e-01	2.010937e-02	2.111630e-01	1.966441e-01	2.336553e-02	3.080174e-01	3.562989e-01	2.340363e-01	1.034513e-01	1.122565e-01	3.287672e-01	4.597242e-01	5.941516e-01	2.723059e-02	1.217682e-01	1.148960e-01	3.134444e-02
2.460000e+02	2.067828e-01	8.641980e-02	2.699718e-01	2.354149e-01	2.704172e-01	2.015208e-02	2.131378e-01	1.983897e-01	2.437308e-02	3.150053e-01	3.662799e-01	2.366837e-01	1.023501e-01	1.130694e-01	3.289451e-01	4.621506e-01	5.991266e-01	2.721955e-02	1.207543e-01	1.146992e-01	3.109481e-02
2.470000e+02	2.087844e-01	8.720870e-02	2.732075e-01	2.361489e-01	2.749602e-01	2.043663e-02	2.151674e-01	2.003948e-01	2.541979e-02	3.220174e-01	3.756117e-01	2.391512e-01	1.014854e-01	1.138435e-01	3.287708e-01	4.647790e-01	6.033403e-01	2.706932e-02	1.204281e-01	1.154932e-01	3.075501e-02
2.480000e+02	2.107236e-01	8.829889e-02	2.760785e-01	2.369039e-01	2.791393e-01	2.082133e-02	2.168120e-01	2.034045e-01	2.621176e-02	3.282979e-01	3.845492e-01	2.406378e-01	1.006847e-01	1.139281e-01	3.294578e-01	4.671818e-01	6.076352e-01	2.689416e-02	1.209266e-01	1.163020e-01	3.030688e-02
2.490000e+02	2.129331e-01	9.041104e-02	2.785953e-01	2.383404e-01	2.826631e-01	2.104335e-02	2.191649e-01	2.076587e-01	2.693933e-02	3.355556e-01	3.929656e-01	2.418925e-01	1.007273e-01	1.139770e-01	3.313336e-01	4.692086e-01	6.133455e-01	2.691177e-02	1.214310e-01	1.163763e-01	3.012115e-02
2.500000e+02	2.152795e-01	9.295510e-02	2.811689e-01	2.394894e-01	2.854419e-01	2.100324e-02	2.224280e-01	2.121891e-01	2.744431e-02	3.437590e-01	4.018307e-01	2.423717e-01	1.014658e-01	1.139614e-01	3.328919e-01	4.712910e-01	6.197055e-01	2.734119e-02	1.220045e-01	1.166684e-01	3.017875e-02
2.510000e+02	2.175104e-01	9.531066e-02	2.839463e-01	2.399006e-01	2.875319e-01	2.085455e-02	2.256416e-01	2.159645e-01	2.774310e-02	3.519624e-01	4.121878e-01	2.423917e-01	1.020969e-01	1.138714e-01	3.329606e-01	4.740661e-01	6.252499e-01	2.812774e-02	1.226497e-01	1.173055e-01	3.044413e-02
2.520000e+02	2.197683e-01	9.724796e-02	2.865559e-01	2.410245e-01	2.896554e-01	2.093776e-02	2.280016e-01	2.201456e-01	2.802121e-02	3.599865e-01	4.235310e-01	2.420158e-01	1.028173e-01	1.134272e-01	3.332943e-01	4.764704e-01	6.314121e-01	2.894285e-02	1.231411e-01	1.179104e-01	3.082738e-02
2.530000e+02	2.219827e-01	9.889088e-02	2.892473e-01	2.429024e-01	2.913126e-01	2.128924e-02	2.298128e-01	2.252307e-01	2.827135e-02	3.678545e-01	4.345288e-01	2.404867e-01	1.037557e-01	1.127310e-01	3.332829e-01	4.785258e-01	6.391938e-01	2.981119e-02	1.230702e-01	1.182884e-01	3.116725e-02
2.540000e+02	2.240716e-01	1.003253e-01	2.914250e-01	2.444066e-01	2.925894e-01	2.185456e-02	2.315155e-01	2.306065e-01	2.861652e-02	3.758330e-01	4.446430e-01	2.386816e-01	1.041366e-01	1.118911e-01	3.328291e-01	4.815765e-01	6.472468e-01	3.078151e-02	1.223855e-01	1.184231e-01	3.166411e-02
2.550000e+02	2.260514e-01	1.017023e-01	2.928238e-01	2.455958e-01	2.942688e-01	2.252479e-02	2.332060e-01	2.364980e-01	2.896671e-02	3.826725e-01	4.542261e-01	2.374230e-01	1.039994e-01	1.106843e-01	3.334056e-01	4.849496e-01	6.536046e-01	3.159840e-02	1.217764e-01	1.188695e-01	3.223307e-02
2.560000e+02	2.278339e-01	1.027785e-01	2.938562e-01	2.467264e-01	2.953942e-01	2.305470e-02	2.348133e-01	2.425205e-01	2.929396e-02	3.880064e-01	4.613206e-01	2.369185e-01	1.038191e-01	1.100858e-01	3.354124e-01	4.879028e-01	6.581541e-01	3.226838e-02	1.216737e-01	1.197437e-01	3.293410e-02
2.570000e+02	2.294236e-01	1.035406e-01	2.952149e-01	2.465050e-01	2.962187e-01	2.340796e-02	2.360717e-01	2.477117e-01	2.941043e-02	3.922683e-01	4.664969e-01	2.363647e-01	1.033140e-01	1.103242e-01	3.382738e-01	4.914091e-01	6.625755e-01	3.301016e-02	1.222125e-01	1.205859e-01	3.355637e-02
2.580000e+02	2.309943e-01	1.049496e-01	2.966456e-01	2.449252e-01	2.971347e-01	2.376766e-02	2.369708e-01	2.528736e-01	2.932926e-02	3.959837e-01	4.726851e-01	2.353713e-01	1.023193e-01	1.105203e-01	3.413728e-01	4.958589e-01	6.668798e-01	3.400737e-02	1.234504e-01	1.209414e-01	3.389850e-02
2.590000e+02	2.325691e-01	1.067185e-01	2.981160e-01	2.426821e-01	2.978481e-01	2.401101e-02	2.378744e-01	2.582743e-01	2.914509e-02	3.999116e-01	4.797022e-01	2.346298e-01	1.006267e-01	1.106237e-01	3.447485e-01	5.002677e-01	6.704998e-01	3.501405e-02	1.251157e-01	1.214416e-01	3.413071e-02
2.600000e+02	2.342608e-01	1.080556e-01	3.005400e-01	2.402463e-01	2.990543e-01	2.374221e-02	2.391178e-01	2.650329e-01	2.885319e-02	4.029581e-01	4.877360e-01	2.338074e-01	9.848199e-02	1.111715e-01	3.484188e-01	5.044895e-01	6.730070e-01	3.609432e-02	1.273229e-01	1.229330e-01	3.415256e-02
2.610000e+02	2.361964e-01	1.088319e-01	3.038472e-01	2.374767e-01	3.013487e-01	2.326552e-02	2.404439e-01	2.725035e-01	2.885104e-02	4.055338e-01	4.965079e-01	2.332749e-01	9.693170e-02	1.122810e-01	3.525095e-01	5.076938e-01	6.758763e-01	3.735706e-02	1.296581e-01	1.256995e-01	3.403682e-02
2.620000e+02	2.382236e-01	1.091114e-01	3.066356e-01	2.343746e-01	3.047757e-01	2.309870e-02	2.415087e-01	2.794050e-01	2.911202e-02	4.087396e-01	5.051652e-01	2.336385e-01	9.625200e-02	1.135053e-01	3.563636e-01	5.100309e-01	6.802896e-01	3.852347e-02	1.313110e-01	1.287978e-01	3.383342e-02
2.630000e+02	2.401752e-01	1.095072e-01	3.077073e-01	2.316601e-01	3.086863e-01	2.328901e-02	2.425213e-01	2.855769e-01	2.943201e-02	4.119797e-01	5.146017e-01	2.343788e-01	9.563185e-02	1.137826e-01	3.592038e-01	5.128976e-01	6.844769e-01	3.984814e-02	1.324570e-01	1.323257e-01	3.353999e-02
2.640000e+02	2.421935e-01	1.101381e-01	3.080167e-01	2.291167e-01	3.124079e-01	2.366754e-02	2.431815e-01	2.910451e-01	3.016074e-02	4.147695e-01	5.258080e-01	2.347947e-01	9.522849e-02	1.136688e-01	3.615608e-01	5.163554e-01	6.887099e-01	4.097989e-02	1.337750e-01	1.371230e-01	3.336206e-02
2.650000e+02	2.443717e-01	1.108432e-01	3.091691e-01	2.268833e-01	3.161570e-01	2.398883e-02	2.435646e-01	2.959997e-01	3.108224e-02	4.181009e-01	5.370633e-01	2.354097e-01	9.510299e-02	1.143115e-01	3.638344e-01	5.201068e-01	6.936365e-01	4.200383e-02	1.348402e-01	1.420102e-01	3.332549e-02
2.660000e+02	2.464471e-01	1.106913e-01	3.097714e-01	2.244252e-01	3.193565e-01	2.437033e-02	2.445063e-01	3.013433e-01	3.176176e-02	4.212398e-01	5.475441e-01	2.369284e-01	9.495810e-02	1.151739e-01	3.655686e-01	5.241675e-01	6.984760e-01	4.299916e-02	1.357715e-01	1.465695e-01	3.332017e-02
2.670000e+02	2.484920e-01	1.097053e-01	3.088906e-01	2.211639e-01	3.217335e-01	2.498961e-02	2.464639e-01	3.070804e-01	3.230817e-02	4.237052e-01	5.583422e-01	2.397062e-01	9.470914e-02	1.159037e-01	3.676380e-01	5.289722e-01	7.030934e-01	4.366714e-02	1.369630e-01	1.516038e-01	3.320155e-02
2.680000e+02	2.506754e-01	1.088378e-01	3.084530e-01	2.176373e-01	3.233077e-01	2.561443e-02	2.489425e-01	3.126704e-01	3.276994e-02	4.264138e-01	5.687520e-01	2.427881e-01	9.397726e-02	1.169539e-01	3.701599e-01	5.344592e-01	7.090256e-01	4.440060e-02	1.382845e-01	1.568447e-01	3.321515e-02
2.690000e+02	2.527783e-01	1.082525e-01	3.083242e-01	2.142494e-01	3.245280e-01	2.642540e-02	2.515757e-01	3.189173e-01	3.291453e-02	4.284972e-01	5.772072e-01	2.445425e-01	9.319197e-02	1.183376e-01	3.728806e-01	5.388256e-01	7.172121e-01	4.520360e-02	1.398370e-01	1.612764e-01	3.336691e-02
2.700000e+02	2.548043e-01	1.081271e-01	3.074978e-01	2.113087e-01	3.264852e-01	2.757203e-02	2.544107e-01	3.252331e-01	3.302668e-02	4.294685e-01	5.842258e-01	2.458517e-01	9.275309e-02	1.193920e-01	3.759126e-01	5.425875e-01	7.264320e-01	4.594118e-02	1.413229e-01	1.650384e-01	3.349850e-02
2.710000e+02	2.568520e-01	1.085858e-01	3.072739e-01	2.091433e-01	3.290518e-01	2.867841e-02	2.570086e-01	3.304312e-01	3.332117e-02	4.302835e-01	5.915083e-01	2.469979e-01	9.268745e-02	1.204482e-01	3.795520e-01	5.464686e-01	7.348186e-01	4.664900e-02	1.419283e-01	1.687686e-01	3.343497e-02
2.720000e+02	2.588927e-01	1.094456e-01	3.079219e-01	2.067998e-01	3.326499e-01	2.960572e-02	2.592152e-01	3.349961e-01	3.394706e-02	4.314543e-01	5.983000e-01	2.480535e-01	9.267545e-02	1.217892e-01	3.835936e-01	5.502706e-01	7.422335e-01	4.742994e-02	1.421706e-01	1.722591e-01	3.304299e-02
2.730000e+02	2.609338e-01	1.107060e-01	3.083556e-01	2.044547e-01	3.374212e-01	3.066867e-02	2.607617e-01	3.386896e-01	3.485004e-02	4.330223e-01	6.046008e-01	2.490299e-01	9.306050e-02	1.234933e-01	3.877884e-01	5.534019e-01	7.488118e-01	4.839955e-02	1.426114e-01	1.757558e-01	3.279189e-02
2.740000e+02	2.628242e-01	1.120223e-01	3.081620e-01	2.029369e-01	3.427179e-01	3.182379e-02	2.621419e-01	3.412261e-01	3.543022e-02	4.347190e-01	6.120391e-01	2.497319e-01	9.333023e-02	1.254589e-01	3.914250e-01	5.554718e-01	7.527808e-01	4.931259e-02	1.430051e-01	1.798886e-01	3.286082e-02
2.750000e+02	2.645206e-01	1.133404e-01	3.075687e-01	2.017944e-01	3.475726e-01	3.276339e-02	2.632618e-01	3.449433e-01	3.578173e-02	4.357321e-01	6.207414e-01	2.498046e-01	9.282812e-02	1.273045e-01	3.936209e-01	5.581426e-01	7.545871e-01	4.988856e-02	1.431012e-01	1.845287e-01	3.310661e-02
2.760000e+02	2.662623e-01	1.149550e-01	3.074639e-01	2.009678e-01	3.516355e-01	3.346949e-02	2.635739e-01	3.497208e-01	3.611834e-02	4.368147e-01	6.296896e-01	2.502353e-01	9.180958e-02	1.290716e-01	3.943587e-01	5.622870e-01	7.572686e-01	5.013022e-02	1.431724e-01	1.890732e-01	3.343127e-02
2.770000e+02	2.679404e-01	1.162396e-01	3.080000e-01	2.006919e-01	3.544014e-01	3.401841e-02	2.641839e-01	3.537452e-01	3.615160e-02	4.385355e-01	6.378276e-01	2.509624e-01	9.061886e-02	1.302142e-01	3.939978e-01	5.673502e-01	7.607444e-01	5.036662e-02	1.438790e-01	1.929255e-01	3.395467e-02
2.780000e+02	2.696002e-01	1.171185e-01	3.084756e-01	2.002835e-01	3.549343e-01	3.447940e-02	2.655025e-01	3.575705e-01	3.598634e-02	4.407748e-01	6.457198e-01	2.513928e-01	8.949840e-02	1.312842e-01	3.945986e-01	5.727089e-01	7.652106e-01	5.092815e-02	1.448182e-01	1.962613e-01	3.445686e-02
2.790000e+02	2.713888e-01	1.184694e-01	3.085433e-01	1.994734e-01	3.546443e-01	3.504422e-02	2.666519e-01	3.603398e-01	3.573635e-02	4.434678e-01	6.535598e-01	2.521245e-01	8.861453e-02	1.325063e-01	3.969684e-01	5.783895e-01	7.716611e-01	5.142939e-02	1.461752e-01	1.989732e-01	3.500371e-02
2.800000e+02	2.732384e-01	1.199697e-01	3.090286e-01	1.989997e-01	3.551598e-01	3.576606e-02	2.675582e-01	3.624255e-01	3.521425e-02	4.458988e-01	6.607210e-01	2.526113e-01	8.799291e-02	1.336535e-01	3.992543e-01	5.843748e-01	7.792377e-01	5.205332e-02	1.477493e-01	2.013137e-01	3.578541e-02
2.810000e+02	2.752143e-01	1.216856e-01	3.101796e-01	1.994964e-01	3.563020e-01	3.660443e-02	2.686700e-01	3.658241e-01	3.441221e-02	4.485739e-01	6.660177e-01	2.527191e-01	8.770320e-02	1.349865e-01	4.012302e-01	5.898295e-01	7.876311e-01	5.300061e-02	1.487028e-01	2.040200e-01	3.669751e-02
2.820000e+02	2.773045e-01	1.238551e-01	3.114859e-01	1.996452e-01	3.581978e-01	3.729725e-02	2.697137e-01	3.690018e-01	3.361214e-02	4.519874e-01	6.700136e-01	2.538494e-01	8.758102e-02	1.366317e-01	4.039047e-01	5.951662e-01	7.962507e-01	5.399701e-02	1.490729e-01	2.067734e-01	3.805386e-02
2.830000e+02	2.793280e-01	1.257265e-01	3.127307e-01	1.986495e-01	3.613457e-01	3.741306e-02	2.699854e-01	3.711717e-01	3.284383e-02	4.552153e-01	6.733881e-01	2.573003e-01	8.738543e-02	1.383301e-01	4.065276e-01	6.009978e-01	8.042218e-01	5.483715e-02	1.489075e-01	2.098844e-01	3.969837e-02
2.840000e+02	2.810588e-01	1.270071e-01	3.134012e-01	1.972165e-01	3.654311e-01	3.732929e-02	2.689256e-01	3.722924e-01	3.225959e-02	4.571838e-01	6.768329e-01	2.612518e-01	8.694243e-02	1.395943e-01	4.089377e-01	6.070843e-01	8.103296e-01	5.545132e-02	1.488396e-01	2.139719e-01	4.089399e-02
2.850000e+02	2.825517e-01	1.277424e-01	3.137971e-01	1.951654e-01	3.705196e-01	3.737325e-02	2.674294e-01	3.729063e-01	3.198506e-02	4.581946e-01	6.800977e-01	2.644186e-01	8.663072e-02	1.408337e-01	4.110304e-01	6.125661e-01	8.156578e-01	5.623435e-02	1.490470e-01	2.180053e-01	4.139908e-02
2.860000e+02	2.841038e-01	1.280847e-01	3.145337e-01	1.932219e-01	3.747546e-01	3.737655e-02	2.672769e-01	3.755452e-01	3.184098e-02	4.586555e-01	6.839366e-01	2.664637e-01	8.686876e-02	1.428116e-01	4.135096e-01	6.169610e-01	8.211674e-01	5.719626e-02	1.490002e-01	2.210173e-01	4.185394e-02
2.870000e+02	2.860109e-01	1.282582e-01	3.156303e-01	1.922311e-01	3.787603e-01	3.754825e-02	2.682236e-01	3.798277e-01	3.163191e-02	4.593758e-01	6.900801e-01	2.672406e-01	8.729628e-02	1.447483e-01	4.170316e-01	6.213043e-01	8.276970e-01	5.830728e-02	1.495007e-01	2.232504e-01	4.227491e-02
2.880000e+02	2.881869e-01	1.286043e-01	3.168831e-01	1.915238e-01	3.826934e-01	3.792702e-02	2.691318e-01	3.846419e-01	3.167102e-02	4.607196e-01	6.981805e-01	2.673600e-01	8.752550e-02	1.457150e-01	4.209347e-01	6.265020e-01	8.354778e-01	5.963087e-02	1.512418e-01	2.248970e-01	4.247623e-02
2.890000e+02	2.904067e-01	1.290127e-01	3.179295e-01	1.907727e-01	3.856120e-01	3.815903e-02	2.697288e-01	3.892102e-01	3.214470e-02	4.618924e-01	7.075557e-01	2.677052e-01	8.777603e-02	1.462579e-01	4.249370e-01	6.318964e-01	8.439420e-01	6.100953e-02	1.538104e-01	2.261888e-01	4.259344e-02
2.900000e+02	2.925407e-01	1.294592e-01	3.183497e-01	1.900005e-01	3.880232e-01	3.859236e-02	2.705141e-01	3.927356e-01	3.262231e-02	4.637773e-01	7.177694e-01	2.685299e-01	8.780732e-02	1.465170e-01	4.282225e-01	6.354543e-01	8.542424e-01	6.230031e-02	1.559895e-01	2.270681e-01	4.283922e-02
2.910000e+02	2.944662e-01	1.297565e-01	3.171341e-01	1.894462e-01	3.901716e-01	3.921351e-02	2.714206e-01	3.951767e-01	3.275089e-02	4.664512e-01	7.281673e-01	2.696267e-01	8.733101e-02	1.461672e-01	4.294299e-01	6.378661e-01	8.662185e-01	6.369974e-02	1.578230e-01	2.280818e-01	4.339226e-02
2.920000e+02	2.962115e-01	1.295660e-01	3.150605e-01	1.889902e-01	3.924622e-01	3.971470e-02	2.730087e-01	3.975227e-01	3.277592e-02	4.681694e-01	7.378046e-01	2.718195e-01	8.670962e-02	1.450990e-01	4.291190e-01	6.411180e-01	8.768404e-01	6.506159e-02	1.597903e-01	2.297648e-01	4.383190e-02
2.930000e+02	2.980579e-01	1.293619e-01	3.144505e-01	1.881240e-01	3.944377e-01	4.036708e-02	2.755295e-01	3.994888e-01	3.303380e-02	4.692343e-01	7.480556e-01	2.749814e-01	8.599390e-02	1.444004e-01	4.283518e-01	6.446189e-01	8.858131e-01	6.667726e-02	1.623613e-01	2.316922e-01	4.418563e-02
2.940000e+02	2.999778e-01	1.294448e-01	3.146128e-01	1.866789e-01	3.964865e-01	4.114730e-02	2.781542e-01	4.004931e-01	3.350151e-02	4.707268e-01	7.591763e-01	2.779862e-01	8.504340e-02	1.449705e-01	4.266384e-01	6.483625e-01	8.939535e-01	6.863884e-02	1.653469e-01	2.337979e-01	4.439581e-02
2.950000e+02	3.018162e-01	1.296416e-01	3.141073e-01	1.845981e-01	3.995932e-01	4.172555e-02	2.809839e-01	4.011705e-01	3.401219e-02	4.726337e-01	7.703319e-01	2.807855e-01	8.408454e-02	1.461525e-01	4.247689e-01	6.521279e-01	9.013046e-01	7.047124e-02	1.675626e-01	2.359218e-01	4.434636e-02
2.960000e+02	3.034658e-01	1.299178e-01	3.129553e-01	1.816342e-01	4.029824e-01	4.190231e-02	2.830806e-01	4.012746e-01	3.418085e-02	4.743393e-01	7.818101e-01	2.833432e-01	8.318148e-02	1.478139e-01	4.231173e-01	6.556602e-01	9.087422e-01	7.218964e-02	1.693747e-01	2.376086e-01	4.420698e-02
2.970000e+02	3.050863e-01	1.300812e-01	3.119649e-01	1.789948e-01	4.062419e-01	4.211146e-02	2.845496e-01	4.018908e-01	3.417925e-02	4.752896e-01	7.927028e-01	2.861680e-01	8.197850e-02	1.502188e-01	4.215992e-01	6.596486e-01	9.166591e-01	7.375596e-02	1.712168e-01	2.381300e-01	4.434440e-02
2.980000e+02	3.070113e-01	1.303985e-01	3.117732e-01	1.779094e-01	4.100130e-01	4.242693e-02	2.856811e-01	4.043485e-01	3.444865e-02	4.765623e-01	8.040892e-01	2.891794e-01	8.103019e-02	1.528612e-01	4.203966e-01	6.633793e-01	9.246711e-01	7.539364e-02	1.730070e-01	2.380966e-01	4.456035e-02
2.990000e+02	3.090960e-01	1.313026e-01	3.110424e-01	1.775873e-01	4.127360e-01	4.298547e-02	2.872935e-01	4.069484e-01	3.514175e-02	4.783876e-01	8.160471e-01	2.928653e-01	8.040143e-02	1.553977e-01	4.195638e-01	6.660947e-01	9.327071e-01	7.710737e-02	1.750861e-01	2.386575e-01	4.456637e-02
3.000000e+02	3.109330e-01	1.325245e-01	3.095324e-01	1.772213e-01	4.139472e-01	4.367306e-02	2.890651e-01	4.083120e-01	3.584166e-02	4.796895e-01	8.260839e-01	2.977376e-01	7.926955e-02	1.578318e-01	4.189707e-01	6.688420e-01	9.395705e-01	7.875441e-02	1.774640e-01	2.397924e-01	4.453738e-02
3.010000e+02	3.126095e-01	1.335518e-01	3.084320e-01	1.766433e-01	4.161455e-01	4.379071e-02	2.913710e-01	4.098128e-01	3.613095e-02	4.804616e-01	8.334619e-01	3.029571e-01	7.778645e-02	1.600155e-01	4.189298e-01	6.716115e-01	9.462106e-01	8.006574e-02	1.795004e-01	2.411332e-01	4.417749e-02
3.020000e+02	3.142205e-01	1.345245e-01	3.077883e-01	1.759525e-01	4.190822e-01	4.377448e-02	2.939410e-01	4.117802e-01	3.631647e-02	4.808375e-01	8.394171e-01	3.078485e-01	7.644947e-02	1.617484e-01	4.200111e-01	6.736337e-01	9.527847e-01	8.097195e-02	1.812828e-01	2.426162e-01	4.364806e-02
3.030000e+02	3.156630e-01	1.354888e-01	3.077662e-01	1.757022e-01	4.217215e-01	4.398477e-02	2.960381e-01	4.129328e-01	3.658951e-02	4.813193e-01	8.439386e-01	3.123488e-01	7.570712e-02	1.635192e-01	4.220274e-01	6.750342e-01	9.573577e-01	8.145591e-02	1.836354e-01	2.437350e-01	4.295751e-02
3.040000e+02	3.173012e-01	1.362857e-01	3.087704e-01	1.763500e-01	4.250669e-01	4.405214e-02	2.983245e-01	4.133266e-01	3.691871e-02	4.819433e-01	8.476159e-01	3.173787e-01	7.565024e-02	1.651567e-01	4.245325e-01	6.773497e-01	9.617001e-01	8.210494e-02	1.865339e-01	2.450158e-01	4.194640e-02
3.050000e+02	3.191850e-01	1.367410e-01	3.101755e-01	1.775985e-01	4.282865e-01	4.393852e-02	3.003998e-01	4.150216e-01	3.744021e-02	4.826448e-01	8.519248e-01	3.225557e-01	7.589841e-02	1.662805e-01	4.278386e-01	6.799637e-01	9.668489e-01	8.314465e-02	1.891374e-01	2.470484e-01	4.081339e-02
3.060000e+02	3.210682e-01	1.367855e-01	3.117699e-01	1.797259e-01	4.309340e-01	4.398960e-02	3.019840e-01	4.178314e-01	3.821609e-02	4.843662e-01	8.543822e-01	3.272032e-01	7.625713e-02	1.672626e-01	4.311297e-01	6.825691e-01	9.722443e-01	8.470198e-02	1.910472e-01	2.493226e-01	3.964233e-02
3.070000e+02	3.229578e-01	1.369641e-01	3.133365e-01	1.825470e-01	4.340100e-01	4.425487e-02	3.030799e-01	4.208127e-01	3.862387e-02	4.861209e-01	8.569413e-01	3.306132e-01	7.671608e-02	1.680883e-01	4.335648e-01	6.861783e-01	9.766296e-01	8.687073e-02	1.928993e-01	2.521721e-01	3.873230e-02
3.080000e+02	3.247820e-01	1.376521e-01	3.141963e-01	1.850133e-01	4.387604e-01	4.447007e-02	3.038697e-01	4.241595e-01	3.901805e-02	4.868985e-01	8.610498e-01	3.326699e-01	7.691972e-02	1.688154e-01	4.349594e-01	6.898936e-01	9.785952e-01	8.944016e-02	1.955140e-01	2.555813e-01	3.816421e-02
3.090000e+02	3.264715e-01	1.381621e-01	3.155417e-01	1.862741e-01	4.442547e-01	4.474291e-02	3.038683e-01	4.279922e-01	3.994442e-02	4.856731e-01	8.647856e-01	3.346870e-01	7.674409e-02	1.698378e-01	4.372308e-01	6.918822e-01	9.800259e-01	9.194503e-02	1.986193e-01	2.596314e-01	3.758777e-02
3.100000e+02	3.280387e-01	1.381524e-01	3.167686e-01	1.867751e-01	4.489871e-01	4.514926e-02	3.032639e-01	4.322893e-01	4.083610e-02	4.827590e-01	8.682712e-01	3.367177e-01	7.643363e-02	1.721452e-01	4.406848e-01	6.923656e-01	9.823159e-01	9.412635e-02	2.016234e-01	2.638020e-01	3.730796e-02
3.110000e+02	3.297119e-01	1.377976e-01	3.164546e-01	1.869616e-01	4.532742e-01	4.579011e-02	3.025292e-01	4.364186e-01	4.154910e-02	4.807040e-01	8.724049e-01	3.394080e-01	7.583561e-02	1.755699e-01	4.441402e-01	6.931568e-01	9.866136e-01	9.644707e-02	2.043123e-01	2.676546e-01	3.721566e-02
3.120000e+02	3.313210e-01	1.378123e-01	3.153929e-01	1.862795e-01	4.570648e-01	4.652609e-02	3.010683e-01	4.389327e-01	4.208416e-02	4.799103e-01	8.765215e-01	3.428115e-01	7.491177e-02	1.795890e-01	4.470381e-01	6.945917e-01	9.926500e-01	9.870735e-02	2.065640e-01	2.712324e-01	3.673099e-02
3.130000e+02	3.327395e-01	1.377638e-01	3.145626e-01	1.850273e-01	4.607776e-01	4.689832e-02	2.984387e-01	4.407552e-01	4.266588e-02	4.802800e-01	8.803976e-01	3.461129e-01	7.398634e-02	1.838867e-01	4.495670e-01	6.951410e-01	9.991236e-01	1.010458e-01	2.084874e-01	2.739139e-01	3.595864e-02
3.140000e+02	3.343064e-01	1.373782e-01	3.138337e-01	1.835568e-01	4.653079e-01	4.706429e-02	2.967497e-01	4.425709e-01	4.316091e-02	4.829321e-01	8.842864e-01	3.495023e-01	7.305794e-02	1.880288e-01	4.519941e-01	6.947481e-01	1.005325e+00	1.038907e-01	2.110452e-01	2.765716e-01	3.512263e-02
3.150000e+02	3.359813e-01	1.371221e-01	3.129173e-01	1.822454e-01	4.693195e-01	4.681830e-02	2.963400e-01	4.431572e-01	4.335109e-02	4.880927e-01	8.886987e-01	3.532410e-01	7.215400e-02	1.910961e-01	4.536233e-01	6.932105e-01	1.012722e+00	1.071812e-01	2.143382e-01	2.797242e-01	3.427374e-02
3.160000e+02	3.376152e-01	1.367855e-01	3.125071e-01	1.808206e-01	4.729614e-01	4.628785e-02	2.955040e-01	4.429200e-01	4.356980e-02	4.939706e-01	8.931470e-01	3.562300e-01	7.153245e-02	1.929325e-01	4.542347e-01	6.914275e-01	1.023479e+00	1.105687e-01	2.169444e-01	2.826460e-01	3.383402e-02
3.170000e+02	3.392197e-01	1.368077e-01	3.123791e-01	1.795876e-01	4.770403e-01	4.576713e-02	2.934871e-01	4.432759e-01	4.346851e-02	4.983894e-01	8.981867e-01	3.579162e-01	7.112570e-02	1.953204e-01	4.536588e-01	6.916974e-01	1.033934e+00	1.141976e-01	2.189995e-01	2.854096e-01	3.374520e-02
3.180000e+02	3.408432e-01	1.372133e-01	3.132409e-01	1.786639e-01	4.802845e-01	4.503102e-02	2.908755e-01	4.439984e-01	4.338075e-02	5.009706e-01	9.046322e-01	3.569825e-01	7.092289e-02	1.985447e-01	4.535626e-01	6.941077e-01	1.042779e+00	1.178566e-01	2.218630e-01	2.882299e-01	3.372458e-02
3.190000e+02	3.424639e-01	1.375905e-01	3.150516e-01	1.775193e-01	4.814834e-01	4.424013e-02	2.881778e-01	4.457193e-01	4.389781e-02	5.030057e-01	9.120499e-01	3.536089e-01	7.097705e-02	2.014247e-01	4.553572e-01	6.962417e-01	1.051988e+00	1.214495e-01	2.251123e-01	2.905137e-01	3.387069e-02
3.200000e+02	3.440061e-01	1.381733e-01	3.165305e-01	1.760783e-01	4.828834e-01	4.317330e-02	2.854353e-01	4.484215e-01	4.464709e-02	5.052376e-01	9.181149e-01	3.493471e-01	7.109542e-02	2.043553e-01	4.570786e-01	6.970968e-01	1.062403e+00	1.250877e-01	2.277088e-01	2.931013e-01	3.415260e-02
3.210000e+02	3.457882e-01	1.390787e-01	3.188464e-01	1.747808e-01	4.858154e-01	4.188868e-02	2.833259e-01	4.502740e-01	4.531240e-02	5.086726e-01	9.247145e-01	3.452358e-01	7.087307e-02	2.072793e-01	4.573268e-01	6.985278e-01	1.074308e+00	1.285784e-01	2.297179e-01	2.968924e-01	3.431478e-02
3.220000e+02	3.476902e-01	1.396341e-01	3.212471e-01	1.734532e-01	4.879716e-01	4.056432e-02	2.806418e-01	4.511938e-01	4.560824e-02	5.132635e-01	9.343801e-01	3.432842e-01	7.039895e-02	2.104129e-01	4.572317e-01	7.009003e-01	1.084667e+00	1.320263e-01	2.321561e-01	3.005387e-01	3.422948e-02
3.230000e+02	3.492669e-01	1.393472e-01	3.225090e-01	1.721437e-01	4.901793e-01	3.895743e-02	2.774759e-01	4.519064e-01	4.573103e-02	5.175506e-01	9.423228e-01	3.437237e-01	7.002686e-02	2.142326e-01	4.550007e-01	7.031277e-01	1.093104e+00	1.352102e-01	2.351371e-01	3.035978e-01	3.405419e-02
3.240000e+02	3.508854e-01	1.387930e-01	3.232377e-01	1.712762e-01	4.932301e-01	3.739479e-02	2.752985e-01	4.523836e-01	4.583105e-02	5.210414e-01	9.497455e-01	3.449342e-01	6.933271e-02	2.183166e-01	4.517770e-01	7.040492e-01	1.102534e+00	1.385863e-01	2.382288e-01	3.076424e-01	3.407493e-02
3.250000e+02	3.529090e-01	1.385098e-01	3.240271e-01	1.708152e-01	4.973871e-01	3.609484e-02	2.735719e-01	4.528497e-01	4.573026e-02	5.238114e-01	9.581559e-01	3.470505e-01	6.833425e-02	2.224011e-01	4.504259e-01	7.046346e-01	1.112926e+00	1.426301e-01	2.417628e-01	3.129311e-01	3.413075e-02
3.260000e+02	3.551947e-01	1.387731e-01	3.259627e-01	1.710158e-01	5.019617e-01	3.496102e-02	2.722159e-01	4.533480e-01	4.559440e-02	5.263180e-01	9.651225e-01	3.507031e-01	6.759471e-02	2.257664e-01	4.508126e-01	7.062255e-01	1.121809e+00	1.469680e-01	2.452756e-01	3.189346e-01	3.453175e-02
3.270000e+02	3.573892e-01	1.390669e-01	3.278429e-01	1.713047e-01	5.059792e-01	3.396702e-02	2.714757e-01	4.537881e-01	4.553183e-02	5.291474e-01	9.708673e-01	3.542722e-01	6.704077e-02	2.279811e-01	4.536907e-01	7.066050e-01	1.129043e+00	1.517599e-01	2.486709e-01	3.246751e-01	3.507419e-02
3.280000e+02	3.596285e-01	1.390854e-01	3.288487e-01	1.713569e-01	5.097965e-01	3.335302e-02	2.713884e-01	4.544388e-01	4.558765e-02	5.324628e-01	9.758914e-01	3.580923e-01	6.673153e-02	2.298405e-01	4.585460e-01	7.060092e-01	1.135929e+00	1.574003e-01	2.527039e-01	3.298842e-01	3.522284e-02
3.290000e+02	3.623109e-01	1.390944e-01	3.314827e-01	1.711786e-01	5.136096e-01	3.298403e-02	2.713673e-01	4.556738e-01	4.610356e-02	5.358703e-01	9.820164e-01	3.631356e-01	6.684628e-02	2.315801e-01	4.647949e-01	7.064712e-01	1.142588e+00	1.635728e-01	2.567508e-01	3.361445e-01	3.495255e-02
3.300000e+02	3.652476e-01	1.393435e-01	3.352107e-01	1.707772e-01	5.166469e-01	3.279271e-02	2.707256e-01	4.570610e-01	4.699422e-02	5.388163e-01	9.900379e-01	3.691188e-01	6.736834e-02	2.321758e-01	4.718216e-01	7.089085e-01	1.150357e+00	1.691224e-01	2.608286e-01	3.425972e-01	3.424839e-02
3.310000e+02	3.683376e-01	1.400174e-01	3.390848e-01	1.700172e-01	5.176564e-01	3.282227e-02	2.693553e-01	4.586704e-01	4.795029e-02	5.419798e-01	1.001003e+00	3.766322e-01	6.808924e-02	2.316708e-01	4.779783e-01	7.126069e-01	1.159488e+00	1.740957e-01	2.656139e-01	3.487904e-01	3.323018e-02
3.320000e+02	3.715578e-01	1.412135e-01	3.435452e-01	1.690161e-01	5.185304e-01	3.268742e-02	2.673548e-01	4.607837e-01	4.883640e-02	5.457488e-01	1.013555e+00	3.845285e-01	6.877391e-02	2.307647e-01	4.826902e-01	7.171530e-01	1.169759e+00	1.794385e-01	2.694155e-01	3.553683e-01	3.199395e-02
3.330000e+02	3.746839e-01	1.430044e-01	3.477900e-01	1.678307e-01	5.201754e-01	3.236082e-02	2.656099e-01	4.622793e-01	4.966573e-02	5.496230e-01	1.024685e+00	3.917479e-01	6.982521e-02	2.298338e-01	4.866988e-01	7.228459e-01	1.181874e+00	1.852448e-01	2.713348e-01	3.604872e-01	3.076097e-02
3.340000e+02	3.776740e-01	1.450901e-01	3.508821e-01	1.665189e-01	5.221543e-01	3.205701e-02	2.645722e-01	4.638042e-01	5.040392e-02	5.539692e-01	1.034623e+00	3.981823e-01	7.099897e-02	2.282820e-01	4.902010e-01	7.286408e-01	1.195564e+00	1.907516e-01	2.728774e-01	3.640824e-01	2.982389e-02
3.350000e+02	3.807396e-01	1.468189e-01	3.522325e-01	1.652579e-01	5.235097e-01	3.171312e-02	2.644190e-01	4.655936e-01	5.080191e-02	5.589312e-01	1.045889e+00	4.027890e-01	7.137781e-02	2.276112e-01	4.931453e-01	7.340039e-01	1.210962e+00	1.965952e-01	2.756680e-01	3.683113e-01	2.916159e-02
3.360000e+02	3.839898e-01	1.478145e-01	3.531505e-01	1.640796e-01	5.243325e-01	3.140145e-02	2.645840e-01	4.678505e-01	5.093684e-02	5.644777e-01	1.058138e+00	4.068243e-01	7.117013e-02	2.283301e-01	4.961707e-01	7.390770e-01	1.227216e+00	2.032300e-01	2.796510e-01	3.729032e-01	2.845679e-02
3.370000e+02	3.872236e-01	1.479798e-01	3.536531e-01	1.627962e-01	5.250207e-01	3.100495e-02	2.648525e-01	4.699159e-01	5.109288e-02	5.708738e-01	1.069722e+00	4.117095e-01	7.107978e-02	2.293038e-01	4.991590e-01	7.443088e-01	1.242811e+00	2.103435e-01	2.833544e-01	3.776830e-01	2.780692e-02
3.380000e+02	3.904690e-01	1.480538e-01	3.535369e-01	1.614826e-01	5.250358e-01	3.028517e-02	2.652473e-01	4.706032e-01	5.110992e-02	5.792606e-01	1.082710e+00	4.165936e-01	7.138863e-02	2.300981e-01	5.018545e-01	7.506071e-01	1.256705e+00	2.178562e-01	2.870063e-01	3.825805e-01	2.736394e-02
3.390000e+02	3.939281e-01	1.492267e-01	3.545051e-01	1.598080e-01	5.239892e-01	2.934821e-02	2.661773e-01	4.711009e-01	5.111996e-02	5.884773e-01	1.097108e+00	4.207263e-01	7.155935e-02	2.304171e-01	5.052909e-01	7.579391e-01	1.270376e+00	2.256974e-01	2.913234e-01	3.873788e-01	2.699338e-02
3.400000e+02	3.972698e-01	1.512328e-01	3.559548e-01	1.580317e-01	5.231453e-01	2.855040e-02	2.673435e-01	4.723458e-01	5.122414e-02	5.963462e-01	1.108991e+00	4.234075e-01	7.143044e-02	2.309292e-01	5.088788e-01	7.644324e-01	1.284394e+00	2.329773e-01	2.964680e-01	3.928875e-01	2.642628e-02
3.410000e+02	4.005107e-01	1.532691e-01	3.579659e-01	1.572902e-01	5.236582e-01	2.803885e-02	2.688138e-01	4.748471e-01	5.157136e-02	6.028296e-01	1.120015e+00	4.245995e-01	7.148580e-02	2.317048e-01	5.115924e-01	7.694264e-01	1.297639e+00	2.392780e-01	3.019002e-01	3.988060e-01	2.548256e-02
3.420000e+02	4.036888e-01	1.548362e-01	3.602793e-01	1.575660e-01	5.247384e-01	2.746367e-02	2.699888e-01	4.775627e-01	5.200544e-02	6.095076e-01	1.133541e+00	4.237993e-01	7.165150e-02	2.316355e-01	5.152913e-01	7.735567e-01	1.311626e+00	2.443658e-01	3.073334e-01	4.029216e-01	2.410561e-02
3.430000e+02	4.069153e-01	1.557461e-01	3.632860e-01	1.578356e-01	5.272929e-01	2.653878e-02	2.697729e-01	4.798765e-01	5.242836e-02	6.164936e-01	1.148016e+00	4.223154e-01	7.181074e-02	2.306468e-01	5.207820e-01	7.774157e-01	1.328000e+00	2.485569e-01	3.133771e-01	4.053473e-01	2.276834e-02
3.440000e+02	4.101639e-01	1.562264e-01	3.669426e-01	1.574433e-01	5.310139e-01	2.542755e-02	2.689804e-01	4.828132e-01	5.297605e-02	6.227834e-01	1.162197e+00	4.217240e-01	7.225342e-02	2.294181e-01	5.256214e-01	7.811156e-01	1.344113e+00	2.533901e-01	3.192957e-01	4.077517e-01	2.179266e-02
3.450000e+02	4.133195e-01	1.567524e-01	3.700408e-01	1.571098e-01	5.343933e-01	2.435703e-02	2.681028e-01	4.858784e-01	5.330158e-02	6.295159e-01	1.176841e+00	4.225681e-01	7.289479e-02	2.274790e-01	5.300730e-01	7.845663e-01	1.357823e+00	2.587565e-01	3.241335e-01	4.107199e-01	2.108187e-02
3.460000e+02	4.162642e-01	1.571880e-01	3.723338e-01	1.572371e-01	5.369533e-01	2.332493e-02	2.676846e-01	4.874000e-01	5.336603e-02	6.362326e-01	1.191370e+00	4.259113e-01	7.346836e-02	2.245812e-01	5.339462e-01	7.877735e-01	1.369967e+00	2.645491e-01	3.278713e-01	4.136325e-01	2.049279e-02
3.470000e+02	4.186844e-01	1.582997e-01	3.735530e-01	1.575040e-01	5.366228e-01	2.210523e-02	2.670051e-01	4.872053e-01	5.325388e-02	6.418585e-01	1.203549e+00	4.308817e-01	7.391685e-02	2.215527e-01	5.370180e-01	7.921683e-01	1.380025e+00	2.697833e-01	3.309131e-01	4.163855e-01	2.008705e-02
3.480000e+02	4.207595e-01	1.593697e-01	3.747391e-01	1.576085e-01	5.349049e-01	2.083142e-02	2.655467e-01	4.859958e-01	5.321801e-02	6.470082e-01	1.215630e+00	4.356455e-01	7.414716e-02	2.191322e-01	5.393065e-01	7.967885e-01	1.388794e+00	2.750633e-01	3.329210e-01	4.187368e-01	1.980192e-02
3.490000e+02	4.226206e-01	1.592489e-01	3.762608e-01	1.572136e-01	5.323362e-01	1.980885e-02	2.633890e-01	4.849606e-01	5.335600e-02	6.525646e-01	1.228544e+00	4.388131e-01	7.452979e-02	2.172980e-01	5.404035e-01	8.004415e-01	1.397302e+00	2.808493e-01	3.346258e-01	4.212001e-01	1.926704e-02
3.500000e+02	4.244784e-01	1.584329e-01	3.772074e-01	1.560125e-01	5.288841e-01	1.887283e-02	2.609061e-01	4.856268e-01	5.380198e-02	6.589424e-01	1.242047e+00	4.408863e-01	7.541050e-02	2.160535e-01	5.415832e-01	8.031380e-01	1.405031e+00	2.857670e-01	3.371869e-01	4.251076e-01	1.866947e-02
3.510000e+02	4.265419e-01	1.574439e-01	3.790351e-01	1.541610e-01	5.261596e-01	1.781564e-02	2.577868e-01	4.882432e-01	5.461742e-02	6.661862e-01	1.257277e+00	4.426670e-01	7.668941e-02	2.148547e-01	5.433183e-01	8.048764e-01	1.412369e+00	2.896031e-01	3.401767e-01	4.294681e-01	1.808988e-02
3.520000e+02	4.288960e-01	1.566299e-01	3.820532e-01	1.525296e-01	5.251647e-01	1.702249e-02	2.540646e-01	4.918406e-01	5.562621e-02	6.736790e-01	1.274222e+00	4.453414e-01	7.840767e-02	2.138056e-01	5.457149e-01	8.048466e-01	1.419035e+00	2.939431e-01	3.430021e-01	4.335024e-01	1.748935e-02
3.530000e+02	4.313517e-01	1.558012e-01	3.846321e-01	1.519548e-01	5.269351e-01	1.649631e-02	2.509366e-01	4.949031e-01	5.641043e-02	6.808079e-01	1.289580e+00	4.482200e-01	7.992600e-02	2.130055e-01	5.494278e-01	8.037915e-01	1.425436e+00	2.983341e-01	3.461971e-01	4.371540e-01	1.708371e-02
3.540000e+02	4.335532e-01	1.551137e-01	3.861720e-01	1.522193e-01	5.295139e-01	1.597355e-02	2.481274e-01	4.965600e-01	5.694153e-02	6.874048e-01	1.301794e+00	4.499662e-01	8.155054e-02	2.114568e-01	5.539989e-01	8.022936e-01	1.432435e+00	3.009179e-01	3.501002e-01	4.418107e-01	1.671382e-02
3.550000e+02	4.355050e-01	1.546219e-01	3.868567e-01	1.524081e-01	5.308784e-01	1.530728e-02	2.460264e-01	4.982560e-01	5.738137e-02	6.926675e-01	1.311790e+00	4.512154e-01	8.373719e-02	2.095956e-01	5.584972e-01	8.012721e-01	1.439848e+00	3.030066e-01	3.533188e-01	4.471385e-01	1.627668e-02
3.560000e+02	4.374322e-01	1.543397e-01	3.871656e-01	1.527287e-01	5.309604e-01	1.461811e-02	2.447321e-01	5.007220e-01	5.771540e-02	6.971982e-01	1.319980e+00	4.530667e-01	8.602525e-02	2.077788e-01	5.634254e-01	8.026697e-01	1.447294e+00	3.048454e-01	3.557433e-01	4.518752e-01	1.575897e-02
3.570000e+02	4.394586e-01	1.544371e-01	3.874568e-01	1.528236e-01	5.309704e-01	1.405423e-02	2.437839e-01	5.023610e-01	5.810147e-02	7.021866e-01	1.327224e+00	4.560646e-01	8.860625e-02	2.058207e-01	5.681054e-01	8.049509e-01	1.455502e+00	3.059936e-01	3.580921e-01	4.574227e-01	1.521490e-02
3.580000e+02	4.414641e-01	1.547367e-01	3.867489e-01	1.521393e-01	5.309951e-01	1.357354e-02	2.430667e-01	5.042339e-01	5.848659e-02	7.070850e-01	1.335175e+00	4.581737e-01	9.131479e-02	2.035509e-01	5.726566e-01	8.077003e-01	1.465342e+00	3.069125e-01	3.600489e-01	4.627948e-01	1.454754e-02
3.590000e+02	4.434903e-01	1.545847e-01	3.851848e-01	1.506297e-01	5.318340e-01	1.304404e-02	2.428403e-01	5.071404e-01	5.889943e-02	7.108548e-01	1.344794e+00	4.584872e-01	9.346130e-02	2.014819e-01	5.779756e-01	8.120240e-01	1.475887e+00	3.086902e-01	3.615437e-01	4.666084e-01	1.384035e-02
3.600000e+02	4.457027e-01	1.537153e-01	3.843732e-01	1.487758e-01	5.333473e-01	1.243046e-02	2.426662e-01	5.103624e-01	5.956480e-02	7.134552e-01	1.355219e+00	4.584236e-01	9.539184e-02	2.001734e-01	5.835814e-01	8.165871e-01	1.487466e+00	3.113602e-01	3.631124e-01	4.708537e-01	1.319416e-02
3.610000e+02	4.479311e-01	1.522256e-01	3.835312e-01	1.470240e-01	5.340639e-01	1.192536e-02	2.420657e-01	5.138203e-01	6.021358e-02	7.160453e-01	1.364276e+00	4.584987e-01	9.771486e-02	1.991439e-01	5.886189e-01	8.192938e-01	1.501125e+00	3.151807e-01	3.643843e-01	4.768218e-01	1.264932e-02
3.620000e+02	4.500296e-01	1.506643e-01	3.834439e-01	1.452550e-01	5.340883e-01	1.149960e-02	2.416972e-01	5.167061e-01	6.108748e-02	7.187924e-01	1.370374e+00	4.584600e-01	1.005966e-01	1.988657e-01	5.920218e-01	8.204159e-01	1.516691e+00	3.196900e-01	3.654546e-01	4.824977e-01	1.229096e-02
3.630000e+02	4.520973e-01	1.494647e-01	3.854028e-01	1.436839e-01	5.326492e-01	1.092063e-02	2.409886e-01	5.192126e-01	6.232711e-02	7.212160e-01	1.375862e+00	4.582111e-01	1.038583e-01	2.003123e-01	5.930095e-01	8.222314e-01	1.533568e+00	3.242674e-01	3.666867e-01	4.860260e-01	1.204921e-02
3.640000e+02	4.541852e-01	1.485247e-01	3.880802e-01	1.425394e-01	5.307148e-01	1.024313e-02	2.399074e-01	5.220652e-01	6.350275e-02	7.253317e-01	1.381545e+00	4.583409e-01	1.067435e-01	2.022470e-01	5.931874e-01	8.247626e-01	1.549527e+00	3.283198e-01	3.679571e-01	4.881982e-01	1.196669e-02
3.650000e+02	4.562641e-01	1.478439e-01	3.899347e-01	1.416641e-01	5.295038e-01	9.637468e-03	2.390897e-01	5.242856e-01	6.401581e-02	7.318999e-01	1.385369e+00	4.600773e-01	1.091626e-01	2.039378e-01	5.932553e-01	8.280294e-01	1.564622e+00	3.314168e-01	3.692006e-01	4.903869e-01	1.194828e-02
3.660000e+02	4.583743e-01	1.471386e-01	3.910827e-01	1.406108e-01	5.282682e-01	9.214682e-03	2.388053e-01	5.269252e-01	6.443332e-02	7.393983e-01	1.390535e+00	4.629689e-01	1.113538e-01	2.052769e-01	5.921393e-01	8.320307e-01	1.577785e+00	3.345876e-01	3.702248e-01	4.927801e-01	1.192637e-02
3.670000e+02	4.604414e-01	1.465615e-01	3.920651e-01	1.390834e-01	5.273362e-01	9.064704e-03	2.393848e-01	5.316152e-01	6.530216e-02	7.468771e-01	1.400365e+00	4.661381e-01	1.128420e-01	2.048895e-01	5.904675e-01	8.329526e-01	1.588573e+00	3.372740e-01	3.706730e-01	4.953938e-01	1.197023e-02
3.680000e+02	4.625638e-01	1.465053e-01	3.931672e-01	1.373537e-01	5.271675e-01	9.125235e-03	2.408537e-01	5.374675e-01	6.622433e-02	7.524553e-01	1.413827e+00	4.689574e-01	1.137638e-01	2.027036e-01	5.881317e-01	8.313517e-01	1.599545e+00	3.396497e-01	3.724031e-01	4.985889e-01	1.203319e-02
3.690000e+02	4.647329e-01	1.467193e-01	3.945532e-01	1.363282e-01	5.275151e-01	9.063580e-03	2.428121e-01	5.439235e-01	6.696092e-02	7.553936e-01	1.427888e+00	4.712193e-01	1.149870e-01	2.001997e-01	5.854142e-01	8.302656e-01	1.609744e+00	3.422951e-01	3.748892e-01	5.024119e-01	1.207298e-02
3.700000e+02	4.671658e-01	1.469151e-01	3.960301e-01	1.361791e-01	5.295836e-01	8.801542e-03	2.449621e-01	5.508979e-01	6.738049e-02	7.581959e-01	1.440473e+00	4.731566e-01	1.163696e-01	1.982770e-01	5.838800e-01	8.306603e-01	1.620889e+00	3.448998e-01	3.771382e-01	5.063745e-01	1.225193e-02
3.710000e+02	4.695419e-01	1.472505e-01	3.976986e-01	1.365276e-01	5.317293e-01	8.622781e-03	2.468074e-01	5.563966e-01	6.754371e-02	7.599999e-01	1.451028e+00	4.753594e-01	1.177293e-01	1.964730e-01	5.825599e-01	8.315140e-01	1.633064e+00	3.472960e-01	3.807905e-01	5.099033e-01	1.254447e-02
3.720000e+02	4.713964e-01	1.470113e-01	3.995892e-01	1.370376e-01	5.308932e-01	8.676900e-03	2.482847e-01	5.604549e-01	6.787091e-02	7.601473e-01	1.462176e+00	4.772910e-01	1.192419e-01	1.940729e-01	5.814760e-01	8.320776e-01	1.642009e+00	3.500762e-01	3.845110e-01	5.122206e-01	1.280837e-02
3.730000e+02	4.731056e-01	1.460119e-01	4.014078e-01	1.375811e-01	5.285064e-01	8.884992e-03	2.496977e-01	5.651157e-01	6.841500e-02	7.599825e-01	1.474001e+00	4.796060e-01	1.202946e-01	1.917211e-01	5.810614e-01	8.332499e-01	1.647819e+00	3.540685e-01	3.872350e-01	5.144638e-01	1.298881e-02
3.740000e+02	4.752260e-01	1.452457e-01	4.036400e-01	1.382558e-01	5.269639e-01	9.101778e-03	2.508142e-01	5.704807e-01	6.895419e-02	7.615459e-01	1.484080e+00	4.837816e-01	1.213353e-01	1.899696e-01	5.822360e-01	8.354421e-01	1.653556e+00	3.582383e-01	3.897487e-01	5.181600e-01	1.296950e-02
3.750000e+02	4.775705e-01	1.446452e-01	4.069077e-01	1.391952e-01	5.261476e-01	9.292049e-03	2.522512e-01	5.762515e-01	6.936176e-02	7.654373e-01	1.492232e+00	4.886472e-01	1.223881e-01	1.889404e-01	5.846431e-01	8.385791e-01	1.658910e+00	3.623869e-01	3.913673e-01	5.210834e-01	1.274436e-02
3.760000e+02	4.799760e-01	1.442874e-01	4.106137e-01	1.403917e-01	5.254374e-01	9.313274e-03	2.531313e-01	5.829620e-01	6.981554e-02	7.719073e-01	1.499061e+00	4.927264e-01	1.235664e-01	1.886812e-01	5.869322e-01	8.410808e-01	1.663901e+00	3.676700e-01	3.922670e-01	5.233016e-01	1.247407e-02
3.770000e+02	4.823249e-01	1.446018e-01	4.137442e-01	1.419968e-01	5.239054e-01	9.156936e-03	2.533829e-01	5.897862e-01	7.089781e-02	7.781206e-01	1.505685e+00	4.947637e-01	1.253968e-01	1.887819e-01	5.891013e-01	8.410906e-01	1.670377e+00	3.733206e-01	3.936000e-01	5.265069e-01	1.228064e-02
3.780000e+02	4.846235e-01	1.451057e-01	4.173815e-01	1.441562e-01	5.218663e-01	8.986534e-03	2.539943e-01	5.969025e-01	7.243206e-02	7.835378e-01	1.513116e+00	4.953177e-01	1.272070e-01	1.891560e-01	5.910099e-01	8.374253e-01	1.678230e+00	3.789200e-01	3.949615e-01	5.306288e-01	1.213575e-02
3.790000e+02	4.872407e-01	1.451731e-01	4.217428e-01	1.465227e-01	5.199673e-01	8.946059e-03	2.549460e-01	6.048905e-01	7.450423e-02	7.927385e-01	1.522456e+00	4.962575e-01	1.292419e-01	1.891575e-01	5.925886e-01	8.308373e-01	1.687157e+00	3.841639e-01	3.963817e-01	5.349969e-01	1.214467e-02
3.800000e+02	4.900432e-01	1.451049e-01	4.258568e-01	1.491624e-01	5.175113e-01	8.970650e-03	2.559252e-01	6.131089e-01	7.692812e-02	8.036025e-01	1.533695e+00	4.976986e-01	1.310792e-01	1.884225e-01	5.938890e-01	8.235441e-01	1.696216e+00	3.901021e-01	3.982128e-01	5.395411e-01	1.229128e-02
3.810000e+02	4.929184e-01	1.444546e-01	4.300378e-01	1.522285e-01	5.146294e-01	8.827409e-03	2.566813e-01	6.224476e-01	7.951124e-02	8.130696e-01	1.545185e+00	5.007031e-01	1.324235e-01	1.879196e-01	5.947938e-01	8.173791e-01	1.704479e+00	3.968505e-01	4.006898e-01	5.434956e-01	1.256129e-02
3.820000e+02	4.956565e-01	1.427422e-01	4.326789e-01	1.546527e-01	5.122305e-01	8.512331e-03	2.575000e-01	6.318444e-01	8.248656e-02	8.207648e-01	1.557219e+00	5.047232e-01	1.340493e-01	1.875598e-01	5.946657e-01	8.103817e-01	1.713061e+00	4.041490e-01	4.041012e-01	5.468548e-01	1.295306e-02
3.830000e+02	4.982346e-01	1.409134e-01	4.331796e-01	1.562906e-01	5.110486e-01	8.361195e-03	2.575910e-01	6.396845e-01	8.569028e-02	8.279363e-01	1.570261e+00	5.097993e-01	1.360041e-01	1.865685e-01	5.946853e-01	8.025357e-01	1.720446e+00	4.117563e-01	4.080616e-01	5.504837e-01	1.339472e-02
3.840000e+02	5.008117e-01	1.390178e-01	4.338145e-01	1.583958e-01	5.111612e-01	8.463892e-03	2.560413e-01	6.468773e-01	8.887200e-02	8.356231e-01	1.584242e+00	5.158304e-01	1.372110e-01	1.856240e-01	5.952308e-01	7.967670e-01	1.724665e+00	4.188146e-01	4.121778e-01	5.534985e-01	1.390647e-02
3.850000e+02	5.033023e-01	1.371178e-01	4.355960e-01	1.612227e-01	5.117790e-01	8.499041e-03	2.544422e-01	6.542432e-01	9.151699e-02	8.424864e-01	1.598474e+00	5.204530e-01	1.371445e-01	1.857431e-01	5.956608e-01	7.919608e-01	1.728480e+00	4.243809e-01	4.164812e-01	5.560465e-01	1.431882e-02
3.860000e+02	5.058297e-01	1.355068e-01	4.381985e-01	1.648353e-01	5.138968e-01	8.424864e-03	2.534107e-01	6.620336e-01	9.366546e-02	8.478858e-01	1.613000e+00	5.238634e-01	1.368920e-01	1.867754e-01	5.958361e-01	7.867053e-01	1.733664e+00	4.282703e-01	4.209745e-01	5.579581e-01	1.479854e-02
3.870000e+02	5.083048e-01	1.339592e-01	4.408620e-01	1.687592e-01	5.174595e-01	8.383971e-03	2.516447e-01	6.694569e-01	9.548211e-02	8.520002e-01	1.627613e+00	5.263214e-01	1.374962e-01	1.871248e-01	5.949970e-01	7.819206e-01	1.740592e+00	4.316835e-01	4.247855e-01	5.602276e-01	1.532645e-02
3.880000e+02	5.108195e-01	1.326319e-01	4.439985e-01	1.724188e-01	5.208938e-01	8.389688e-03	2.496941e-01	6.754771e-01	9.664146e-02	8.556650e-01	1.642241e+00	5.282937e-01	1.382084e-01	1.875928e-01	5.930496e-01	7.788793e-01	1.750366e+00	4.356912e-01	4.264992e-01	5.637540e-01	1.600548e-02
3.890000e+02	5.132868e-01	1.307217e-01	4.475511e-01	1.758509e-01	5.250470e-01	8.521057e-03	2.485175e-01	6.794076e-01	9.768885e-02	8.598510e-01	1.655649e+00	5.291891e-01	1.386549e-01	1.890715e-01	5.906206e-01	7.777537e-01	1.759394e+00	4.406595e-01	4.270044e-01	5.675598e-01	1.702289e-02
3.900000e+02	5.155892e-01	1.284776e-01	4.514225e-01	1.780941e-01	5.289728e-01	8.799611e-03	2.478560e-01	6.827198e-01	9.934829e-02	8.633800e-01	1.666733e+00	5.285638e-01	1.395230e-01	1.911840e-01	5.892536e-01	7.785248e-01	1.764947e+00	4.459866e-01	4.274113e-01	5.725143e-01	1.807085e-02
3.910000e+02	5.180609e-01	1.267541e-01	4.557696e-01	1.791667e-01	5.318141e-01	9.185536e-03	2.472249e-01	6.869416e-01	1.022908e-01	8.658985e-01	1.677561e+00	5.276943e-01	1.402857e-01	1.932084e-01	5.892313e-01	7.806063e-01	1.770684e+00	4.505322e-01	4.281797e-01	5.791785e-01	1.901022e-02
3.920000e+02	5.205888e-01	1.253727e-01	4.595359e-01	1.804909e-01	5.334583e-01	9.707309e-03	2.463182e-01	6.922009e-01	1.061853e-01	8.676267e-01	1.687508e+00	5.277849e-01	1.407196e-01	1.953255e-01	5.897242e-01	7.830949e-01	1.776804e+00	4.546152e-01	4.294131e-01	5.860325e-01	1.985901e-02
3.930000e+02	5.230397e-01	1.239218e-01	4.618312e-01	1.827284e-01	5.347732e-01	1.029537e-02	2.457413e-01	6.975101e-01	1.101794e-01	8.684049e-01	1.696699e+00	5.293399e-01	1.417478e-01	1.971617e-01	5.905880e-01	7.845892e-01	1.782853e+00	4.590613e-01	4.308203e-01	5.919498e-01	2.059765e-02
3.940000e+02	5.258890e-01	1.223339e-01	4.634582e-01	1.856197e-01	5.367315e-01	1.092027e-02	2.453531e-01	7.029097e-01	1.140289e-01	8.705126e-01	1.707878e+00	5.316621e-01	1.434925e-01	1.990936e-01	5.916664e-01	7.857098e-01	1.791313e+00	4.635967e-01	4.326309e-01	5.976119e-01	2.125726e-02
3.950000e+02	5.288038e-01	1.209005e-01	4.635824e-01	1.889833e-01	5.375426e-01	1.154585e-02	2.444236e-01	7.083334e-01	1.172112e-01	8.735639e-01	1.721417e+00	5.337454e-01	1.453673e-01	2.021805e-01	5.929910e-01	7.866156e-01	1.799118e+00	4.690805e-01	4.346193e-01	6.030698e-01	2.178499e-02
3.960000e+02	5.311685e-01	1.201702e-01	4.628058e-01	1.926779e-01	5.367720e-01	1.218349e-02	2.429531e-01	7.120038e-01	1.199938e-01	8.759471e-01	1.735567e+00	5.342159e-01	1.469454e-01	2.056378e-01	5.936645e-01	7.872147e-01	1.803383e+00	4.760817e-01	4.360104e-01	6.069595e-01	2.218238e-02
3.970000e+02	5.331601e-01	1.202328e-01	4.629899e-01	1.963016e-01	5.358828e-01	1.280849e-02	2.417879e-01	7.142454e-01	1.227357e-01	8.772131e-01	1.748782e+00	5.334638e-01	1.478410e-01	2.089507e-01	5.935476e-01	7.870913e-01	1.806457e+00	4.826672e-01	4.376965e-01	6.098949e-01	2.261141e-02
3.980000e+02	5.350175e-01	1.202036e-01	4.633749e-01	1.995723e-01	5.355731e-01	1.330234e-02	2.415497e-01	7.162388e-01	1.256935e-01	8.761128e-01	1.761679e+00	5.327739e-01	1.489469e-01	2.116818e-01	5.940202e-01	7.862405e-01	1.808656e+00	4.876482e-01	4.404406e-01	6.135740e-01	2.306670e-02
3.990000e+02	5.372335e-01	1.202171e-01	4.639498e-01	2.026876e-01	5.359491e-01	1.362004e-02	2.423376e-01	7.186961e-01	1.295593e-01	8.732733e-01	1.775157e+00	5.329085e-01	1.505675e-01	2.135013e-01	5.950846e-01	7.857366e-01	1.813189e+00	4.925645e-01	4.428151e-01	6.193274e-01	2.352941e-02
4.000000e+02	5.398352e-01	1.210288e-01	4.649523e-01	2.058156e-01	5.363801e-01	1.388568e-02	2.433219e-01	7.217452e-01	1.333127e-01	8.721199e-01	1.789714e+00	5.332215e-01	1.523346e-01	2.147838e-01	5.962403e-01	7.838595e-01	1.821908e+00	4.970654e-01	4.439955e-01	6.268969e-01	2.412255e-02
4.010000e+02	5.425682e-01	1.218808e-01	4.663272e-01	2.091730e-01	5.364775e-01	1.423698e-02	2.438783e-01	7.244994e-01	1.366894e-01	8.740567e-01	1.805688e+00	5.328622e-01	1.541616e-01	2.161706e-01	5.973184e-01	7.807679e-01	1.833146e+00	4.999847e-01	4.438150e-01	6.353190e-01	2.490991e-02
4.020000e+02	5.454267e-01	1.215616e-01	4.684960e-01	2.119715e-01	5.374230e-01	1.474891e-02	2.445839e-01	7.262215e-01	1.404264e-01	8.783541e-01	1.821882e+00	5.319535e-01	1.559009e-01	2.177394e-01	5.975069e-01	7.781570e-01	1.845701e+00	5.043817e-01	4.431607e-01	6.425502e-01	2.581309e-02
4.030000e+02	5.481262e-01	1.204286e-01	4.713993e-01	2.136795e-01	5.390452e-01	1.562571e-02	2.447676e-01	7.260197e-01	1.440984e-01	8.838659e-01	1.836344e+00	5.305009e-01	1.574720e-01	2.196797e-01	5.963924e-01	7.776725e-01	1.857374e+00	5.101363e-01	4.432745e-01	6.479828e-01	2.676426e-02
4.040000e+02	5.503529e-01	1.196369e-01	4.743434e-01	2.149508e-01	5.405527e-01	1.671175e-02	2.433833e-01	7.248999e-01	1.471791e-01	8.889410e-01	1.847118e+00	5.298007e-01	1.596622e-01	2.213090e-01	5.936785e-01	7.787195e-01	1.864152e+00	5.160775e-01	4.446486e-01	6.533128e-01	2.798083e-02
4.050000e+02	5.521601e-01	1.195015e-01	4.772831e-01	2.161840e-01	5.416298e-01	1.730684e-02	2.402625e-01	7.231931e-01	1.495607e-01	8.937578e-01	1.856973e+00	5.308007e-01	1.629460e-01	2.220382e-01	5.890288e-01	7.796550e-01	1.865720e+00	5.223157e-01	4.469398e-01	6.588752e-01	2.923091e-02
4.060000e+02	5.537186e-01	1.186554e-01	4.795347e-01	2.176538e-01	5.412035e-01	1.760151e-02	2.369591e-01	7.202508e-01	1.523646e-01	9.002946e-01	1.869126e+00	5.317441e-01	1.661134e-01	2.233508e-01	5.830869e-01	7.802916e-01	1.865732e+00	5.270139e-01	4.500408e-01	6.630694e-01	3.028599e-02
4.070000e+02	5.552076e-01	1.173263e-01	4.802952e-01	2.194618e-01	5.395452e-01	1.796188e-02	2.345313e-01	7.171961e-01	1.561359e-01	9.079364e-01	1.882937e+00	5.318941e-01	1.686590e-01	2.255455e-01	5.779751e-01	7.807075e-01	1.865473e+00	5.305273e-01	4.531526e-01	6.657327e-01	3.115824e-02
4.080000e+02	5.569467e-01	1.164039e-01	4.805538e-01	2.215552e-01	5.378477e-01	1.813094e-02	2.334442e-01	7.145524e-01	1.595503e-01	9.161157e-01	1.896668e+00	5.325043e-01	1.716137e-01	2.277490e-01	5.745366e-01	7.824227e-01	1.864818e+00	5.349213e-01	4.559400e-01	6.677896e-01	3.181684e-02
4.090000e+02	5.587370e-01	1.159490e-01	4.807308e-01	2.239064e-01	5.363997e-01	1.824626e-02	2.338418e-01	7.116750e-01	1.626298e-01	9.250846e-01	1.909326e+00	5.337696e-01	1.750845e-01	2.295263e-01	5.718570e-01	7.845687e-01	1.863415e+00	5.397003e-01	4.581723e-01	6.684203e-01	3.243671e-02
4.100000e+02	5.604512e-01	1.159886e-01	4.804325e-01	2.267162e-01	5.347051e-01	1.827638e-02	2.347126e-01	7.092742e-01	1.662066e-01	9.337221e-01	1.922211e+00	5.362535e-01	1.787111e-01	2.305876e-01	5.694646e-01	7.865505e-01	1.860706e+00	5.436589e-01	4.595307e-01	6.682812e-01	3.303569e-02
4.110000e+02	5.622147e-01	1.160237e-01	4.794743e-01	2.296196e-01	5.330631e-01	1.816515e-02	2.351106e-01	7.079382e-01	1.701325e-01	9.421190e-01	1.934053e+00	5.382085e-01	1.815459e-01	2.310598e-01	5.672121e-01	7.901802e-01	1.859564e+00	5.478147e-01	4.602640e-01	6.689488e-01	3.379730e-02
4.120000e+02	5.641095e-01	1.166566e-01	4.781580e-01	2.323868e-01	5.313262e-01	1.838297e-02	2.340127e-01	7.070511e-01	1.737959e-01	9.502633e-01	1.943851e+00	5.393762e-01	1.838590e-01	2.310262e-01	5.665291e-01	7.962011e-01	1.860402e+00	5.528487e-01	4.613033e-01	6.700317e-01	3.472736e-02
4.130000e+02	5.661873e-01	1.177591e-01	4.772788e-01	2.348459e-01	5.297793e-01	1.887458e-02	2.313310e-01	7.076876e-01	1.766055e-01	9.579295e-01	1.953935e+00	5.410221e-01	1.862433e-01	2.313006e-01	5.669717e-01	8.017927e-01	1.862654e+00	5.581074e-01	4.629265e-01	6.711459e-01	3.555510e-02
4.140000e+02	5.683756e-01	1.183938e-01	4.763611e-01	2.373996e-01	5.287867e-01	1.956963e-02	2.278848e-01	7.093999e-01	1.793807e-01	9.668125e-01	1.966903e+00	5.424690e-01	1.878486e-01	2.315944e-01	5.669485e-01	8.051444e-01	1.866524e+00	5.627638e-01	4.642840e-01	6.727963e-01	3.624783e-02
4.150000e+02	5.704715e-01	1.185401e-01	4.754140e-01	2.403963e-01	5.268355e-01	2.042253e-02	2.240210e-01	7.096655e-01	1.822948e-01	9.754671e-01	1.981547e+00	5.428941e-01	1.893317e-01	2.319491e-01	5.671148e-01	8.078540e-01	1.870296e+00	5.671563e-01	4.653115e-01	6.758302e-01	3.708799e-02
4.160000e+02	5.722310e-01	1.184848e-01	4.745872e-01	2.430994e-01	5.230582e-01	2.124191e-02	2.204448e-01	7.094588e-01	1.854259e-01	9.823762e-01	1.995368e+00	5.422364e-01	1.915010e-01	2.329293e-01	5.673233e-01	8.114730e-01	1.872801e+00	5.714824e-01	4.653138e-01	6.778935e-01	3.812045e-02
4.170000e+02	5.740083e-01	1.181877e-01	4.741203e-01	2.451340e-01	5.195479e-01	2.219764e-02	2.179467e-01	7.104558e-01	1.894465e-01	9.890643e-01	2.007692e+00	5.414010e-01	1.937691e-01	2.343056e-01	5.670360e-01	8.159221e-01	1.876335e+00	5.753269e-01	4.636512e-01	6.791740e-01	3.945164e-02
4.180000e+02	5.761574e-01	1.174628e-01	4.747921e-01	2.467689e-01	5.180238e-01	2.346279e-02	2.163823e-01	7.122777e-01	1.936480e-01	9.962138e-01	2.018577e+00	5.407199e-01	1.958177e-01	2.360258e-01	5.667460e-01	8.191583e-01	1.881677e+00	5.799972e-01	4.617266e-01	6.827154e-01	4.095453e-02
4.190000e+02	5.787087e-01	1.161995e-01	4.769353e-01	2.481784e-01	5.190376e-01	2.467144e-02	2.152159e-01	7.147576e-01	1.973001e-01	1.002390e+00	2.031204e+00	5.400395e-01	1.984444e-01	2.374165e-01	5.666885e-01	8.220566e-01	1.888724e+00	5.851008e-01	4.597618e-01	6.876127e-01	4.243921e-02
4.200000e+02	5.812594e-01	1.150694e-01	4.795326e-01	2.498493e-01	5.209487e-01	2.559247e-02	2.139758e-01	7.163752e-01	2.002298e-01	1.007277e+00	2.044471e+00	5.374839e-01	2.019236e-01	2.377193e-01	5.665028e-01	8.261332e-01	1.897068e+00	5.895239e-01	4.588503e-01	6.929266e-01	4.373493e-02
4.210000e+02	5.837058e-01	1.146301e-01	4.807686e-01	2.519019e-01	5.218840e-01	2.657906e-02	2.124848e-01	7.170550e-01	2.032675e-01	1.010090e+00	2.058511e+00	5.330586e-01	2.062325e-01	2.365989e-01	5.670284e-01	8.310476e-01	1.907695e+00	5.928478e-01	4.587360e-01	6.988324e-01	4.486830e-02
4.220000e+02	5.860828e-01	1.145633e-01	4.814621e-01	2.532905e-01	5.229200e-01	2.801152e-02	2.107734e-01	7.175275e-01	2.063175e-01	1.011032e+00	2.073668e+00	5.274359e-01	2.103334e-01	2.346975e-01	5.677901e-01	8.369403e-01	1.921271e+00	5.946123e-01	4.576830e-01	7.053743e-01	4.595313e-02
4.230000e+02	5.885089e-01	1.147022e-01	4.827532e-01	2.537095e-01	5.239991e-01	2.959409e-02	2.087251e-01	7.193283e-01	2.090325e-01	1.012952e+00	2.088530e+00	5.206963e-01	2.141027e-01	2.330011e-01	5.698770e-01	8.436791e-01	1.934063e+00	5.960743e-01	4.565061e-01	7.120117e-01	4.683980e-02
4.240000e+02	5.911247e-01	1.153051e-01	4.852163e-01	2.536309e-01	5.246766e-01	3.096081e-02	2.067745e-01	7.214020e-01	2.124094e-01	1.016033e+00	2.104191e+00	5.135161e-01	2.186505e-01	2.323180e-01	5.740240e-01	8.491316e-01	1.942833e+00	5.989055e-01	4.560440e-01	7.189730e-01	4.749887e-02
4.250000e+02	5.938935e-01	1.162215e-01	4.886382e-01	2.536978e-01	5.249866e-01	3.205187e-02	2.052030e-01	7.220043e-01	2.163809e-01	1.019935e+00	2.119032e+00	5.078732e-01	2.234561e-01	2.319907e-01	5.784810e-01	8.543750e-01	1.950540e+00	6.014586e-01	4.565780e-01	7.266611e-01	4.830437e-02
4.260000e+02	5.967815e-01	1.173800e-01	4.922346e-01	2.549854e-01	5.258976e-01	3.280813e-02	2.032459e-01	7.231132e-01	2.201654e-01	1.023462e+00	2.134722e+00	5.029189e-01	2.280847e-01	2.308159e-01	5.838103e-01	8.593870e-01	1.959375e+00	6.025542e-01	4.573868e-01	7.340992e-01	4.918354e-02
4.270000e+02	5.996648e-01	1.188685e-01	4.960869e-01	2.570270e-01	5.291336e-01	3.340943e-02	2.011234e-01	7.246836e-01	2.229564e-01	1.025019e+00	2.153384e+00	4.973638e-01	2.324499e-01	2.291294e-01	5.898707e-01	8.638729e-01	1.969518e+00	6.010900e-01	4.584440e-01	7.400723e-01	4.979324e-02
4.280000e+02	6.025677e-01	1.202334e-01	4.998011e-01	2.590615e-01	5.336582e-01	3.381325e-02	1.992436e-01	7.264245e-01	2.250954e-01	1.026411e+00	2.173166e+00	4.925938e-01	2.367550e-01	2.271827e-01	5.958689e-01	8.710383e-01	1.978417e+00	5.975253e-01	4.592842e-01	7.452810e-01	5.049878e-02
4.290000e+02	6.054010e-01	1.217592e-01	5.040092e-01	2.606035e-01	5.379241e-01	3.420656e-02	1.970037e-01	7.291496e-01	2.271970e-01	1.028675e+00	2.191316e+00	4.889421e-01	2.414883e-01	2.242834e-01	6.009754e-01	8.786533e-01	1.984478e+00	5.945658e-01	4.600388e-01	7.518591e-01	5.089107e-02
4.300000e+02	6.080877e-01	1.236937e-01	5.080552e-01	2.612840e-01	5.416972e-01	3.492277e-02	1.945377e-01	7.342566e-01	2.289589e-01	1.031212e+00	2.207114e+00	4.857269e-01	2.463150e-01	2.215430e-01	6.043510e-01	8.851066e-01	1.989023e+00	5.921956e-01	4.615139e-01	7.593434e-01	5.090281e-02
4.310000e+02	6.107273e-01	1.253488e-01	5.106733e-01	2.621585e-01	5.443446e-01	3.607423e-02	1.917278e-01	7.407628e-01	2.300914e-01	1.033460e+00	2.224055e+00	4.829291e-01	2.512480e-01	2.194995e-01	6.058945e-01	8.922309e-01	1.993443e+00	5.905532e-01	4.624644e-01	7.669302e-01	5.065559e-02
4.320000e+02	6.133325e-01	1.276627e-01	5.115528e-01	2.646625e-01	5.467316e-01	3.725493e-02	1.886739e-01	7.463819e-01	2.310541e-01	1.035579e+00	2.244662e+00	4.797563e-01	2.564844e-01	2.173781e-01	6.054753e-01	9.005334e-01	1.996759e+00	5.890230e-01	4.630252e-01	7.735011e-01	5.049776e-02
4.330000e+02	6.159070e-01	1.308202e-01	5.111933e-01	2.679471e-01	5.496970e-01	3.825695e-02	1.861654e-01	7.527429e-01	2.323813e-01	1.038806e+00	2.266534e+00	4.767870e-01	2.614439e-01	2.157524e-01	6.053110e-01	9.069169e-01	1.998315e+00	5.878493e-01	4.642880e-01	7.765801e-01	5.035176e-02
4.340000e+02	6.185543e-01	1.339507e-01	5.098305e-01	2.715453e-01	5.546293e-01	3.933197e-02	1.834133e-01	7.599942e-01	2.333181e-01	1.044146e+00	2.287417e+00	4.754500e-01	2.657043e-01	2.142983e-01	6.071036e-01	9.094320e-01	1.999593e+00	5.877930e-01	4.646644e-01	7.794232e-01	5.004796e-02
4.350000e+02	6.213633e-01	1.368447e-01	5.069994e-01	2.759109e-01	5.605575e-01	4.033759e-02	1.796594e-01	7.671624e-01	2.332993e-01	1.051790e+00	2.308396e+00	4.749936e-01	2.698292e-01	2.125862e-01	6.098916e-01	9.112872e-01	2.002157e+00	5.884591e-01	4.640423e-01	7.833545e-01	4.970695e-02
4.360000e+02	6.239241e-01	1.393274e-01	5.043063e-01	2.798065e-01	5.660174e-01	4.110208e-02	1.760729e-01	7.741480e-01	2.327604e-01	1.059037e+00	2.330243e+00	4.745839e-01	2.732696e-01	2.106402e-01	6.126924e-01	9.122791e-01	2.003894e+00	5.896907e-01	4.636713e-01	7.856471e-01	4.929246e-02
4.370000e+02	6.260909e-01	1.413868e-01	5.018810e-01	2.831272e-01	5.715725e-01	4.206129e-02	1.726602e-01	7.802675e-01	2.321255e-01	1.065311e+00	2.349678e+00	4.737962e-01	2.759538e-01	2.088841e-01	6.159052e-01	9.123294e-01	2.004178e+00	5.913864e-01	4.639442e-01	7.863575e-01	4.901104e-02
4.380000e+02	6.282277e-01	1.434605e-01	4.986762e-01	2.853773e-01	5.771693e-01	4.364747e-02	1.697934e-01	7.845686e-01	2.315588e-01	1.071574e+00	2.367069e+00	4.723314e-01	2.794297e-01	2.075361e-01	6.197430e-01	9.121830e-01	2.005627e+00	5.935292e-01	4.648478e-01	7.872574e-01	4.917524e-02
4.390000e+02	6.304781e-01	1.457922e-01	4.953848e-01	2.862592e-01	5.829545e-01	4.537775e-02	1.681157e-01	7.871304e-01	2.311691e-01	1.077545e+00	2.386377e+00	4.709284e-01	2.834596e-01	2.052802e-01	6.233177e-01	9.123813e-01	2.008873e+00	5.955989e-01	4.652468e-01	7.890608e-01	4.930978e-02
4.400000e+02	6.327511e-01	1.484176e-01	4.927152e-01	2.875841e-01	5.903186e-01	4.672027e-02	1.665580e-01	7.887100e-01	2.303596e-01	1.082585e+00	2.406009e+00	4.696821e-01	2.876840e-01	2.023533e-01	6.257347e-01	9.145649e-01	2.013508e+00	5.978980e-01	4.654295e-01	7.895023e-01	4.868797e-02
4.410000e+02	6.351306e-01	1.516783e-01	4.908230e-01	2.890306e-01	5.996245e-01	4.761972e-02	1.643256e-01	7.887546e-01	2.287485e-01	1.087577e+00	2.424486e+00	4.678911e-01	2.920833e-01	1.994748e-01	6.262251e-01	9.189654e-01	2.021446e+00	6.005444e-01	4.655998e-01	7.897006e-01	4.801419e-02
4.420000e+02	6.378045e-01	1.547390e-01	4.897766e-01	2.902236e-01	6.098005e-01	4.852817e-02	1.629154e-01	7.875404e-01	2.268160e-01	1.093498e+00	2.443578e+00	4.663363e-01	2.959822e-01	1.970937e-01	6.249540e-01	9.247064e-01	2.031613e+00	6.036504e-01	4.645621e-01	7.924134e-01	4.736288e-02
4.430000e+02	6.405056e-01	1.573348e-01	4.893915e-01	2.919821e-01	6.192104e-01	4.981735e-02	1.623622e-01	7.851294e-01	2.250174e-01	1.098123e+00	2.462299e+00	4.655293e-01	2.996950e-01	1.953655e-01	6.227884e-01	9.304823e-01	2.042980e+00	6.076680e-01	4.629468e-01	7.954791e-01	4.651118e-02
4.440000e+02	6.429120e-01	1.599054e-01	4.895451e-01	2.941582e-01	6.269454e-01	5.107182e-02	1.617493e-01	7.828294e-01	2.232140e-01	1.100855e+00	2.481096e+00	4.641698e-01	3.034504e-01	1.933691e-01	6.202355e-01	9.366912e-01	2.054233e+00	6.114129e-01	4.610521e-01	7.967893e-01	4.546736e-02
4.450000e+02	6.449886e-01	1.614575e-01	4.904989e-01	2.960509e-01	6.336234e-01	5.183238e-02	1.608072e-01	7.807327e-01	2.206254e-01	1.102240e+00	2.501954e+00	4.619077e-01	3.070128e-01	1.910416e-01	6.178212e-01	9.435400e-01	2.063157e+00	6.144886e-01	4.579065e-01	7.988323e-01	4.424167e-02
4.460000e+02	6.467473e-01	1.619042e-01	4.914077e-01	2.974600e-01	6.399820e-01	5.209975e-02	1.588089e-01	7.791496e-01	2.175063e-01	1.103449e+00	2.521047e+00	4.601669e-01	3.104799e-01	1.889207e-01	6.152480e-01	9.514211e-01	2.070272e+00	6.180070e-01	4.539405e-01	8.005420e-01	4.313326e-02
4.470000e+02	6.483875e-01	1.620939e-01	4.922083e-01	2.987545e-01	6.472449e-01	5.218888e-02	1.560987e-01	7.791756e-01	2.150983e-01	1.105513e+00	2.535094e+00	4.599947e-01	3.133122e-01	1.879568e-01	6.131255e-01	9.587575e-01	2.077176e+00	6.211865e-01	4.495040e-01	8.009760e-01	4.228998e-02
4.480000e+02	6.499160e-01	1.623282e-01	4.927191e-01	2.998952e-01	6.548888e-01	5.227708e-02	1.538310e-01	7.784717e-01	2.130868e-01	1.109955e+00	2.545401e+00	4.588724e-01	3.151640e-01	1.878895e-01	6.116017e-01	9.645649e-01	2.084551e+00	6.234008e-01	4.449161e-01	8.029246e-01	4.158018e-02
4.490000e+02	6.511544e-01	1.632833e-01	4.920116e-01	3.009735e-01	6.619183e-01	5.266280e-02	1.514739e-01	7.759084e-01	2.107288e-01	1.115157e+00	2.552868e+00	4.561199e-01	3.172194e-01	1.878363e-01	6.093962e-01	9.681556e-01	2.092323e+00	6.265920e-01	4.414152e-01	8.063442e-01	4.070019e-02
4.500000e+02	6.522214e-01	1.644192e-01	4.898209e-01	3.031731e-01	6.694996e-01	5.374119e-02	1.488253e-01	7.723063e-01	2.087626e-01	1.121163e+00	2.557994e+00	4.527029e-01	3.200105e-01	1.871775e-01	6.053255e-01	9.708192e-01	2.099939e+00	6.313492e-01	4.386023e-01	8.091210e-01	3.967590e-02
4.510000e+02	6.530478e-01	1.649070e-01	4.868997e-01	3.054083e-01	6.777781e-01	5.506525e-02	1.468950e-01	7.694471e-01	2.068402e-01	1.126554e+00	2.560050e+00	4.481944e-01	3.222616e-01	1.854978e-01	6.012920e-01	9.728581e-01	2.107531e+00	6.364754e-01	4.362769e-01	8.121132e-01	3.861213e-02
4.520000e+02	6.536360e-01	1.655121e-01	4.844835e-01	3.070742e-01	6.845916e-01	5.628381e-02	1.454513e-01	7.675358e-01	2.048748e-01	1.129372e+00	2.558611e+00	4.427038e-01	3.241969e-01	1.836645e-01	5.982305e-01	9.739335e-01	2.116258e+00	6.422403e-01	4.352657e-01	8.149079e-01	3.752918e-02
4.530000e+02	6.544318e-01	1.668713e-01	4.826137e-01	3.090104e-01	6.897877e-01	5.795610e-02	1.439890e-01	7.650563e-01	2.033677e-01	1.132033e+00	2.559500e+00	4.375122e-01	3.260659e-01	1.822404e-01	5.947523e-01	9.744706e-01	2.126761e+00	6.490357e-01	4.345648e-01	8.165698e-01	3.647674e-02
4.540000e+02	6.556801e-01	1.689452e-01	4.807853e-01	3.113709e-01	6.949254e-01	6.010985e-02	1.419078e-01	7.615830e-01	2.015842e-01	1.133605e+00	2.565664e+00	4.333309e-01	3.289071e-01	1.812482e-01	5.909655e-01	9.755897e-01	2.139932e+00	6.559212e-01	4.339921e-01	8.179370e-01	3.529896e-02
4.550000e+02	6.572692e-01	1.714131e-01	4.787821e-01	3.150686e-01	7.013552e-01	6.229999e-02	1.397355e-01	7.574891e-01	1.997170e-01	1.133834e+00	2.574892e+00	4.293565e-01	3.322456e-01	1.805022e-01	5.872284e-01	9.782673e-01	2.153659e+00	6.617153e-01	4.340748e-01	8.197162e-01	3.403150e-02
4.560000e+02	6.589889e-01	1.736913e-01	4.760712e-01	3.182519e-01	7.097083e-01	6.423077e-02	1.374757e-01	7.530205e-01	1.978804e-01	1.136583e+00	2.586180e+00	4.243420e-01	3.353735e-01	1.798269e-01	5.839967e-01	9.803182e-01	2.165665e+00	6.668970e-01	4.349511e-01	8.227512e-01	3.256424e-02
4.570000e+02	6.607466e-01	1.753878e-01	4.733682e-01	3.205971e-01	7.194158e-01	6.614716e-02	1.349522e-01	7.482450e-01	1.957530e-01	1.144544e+00	2.597772e+00	4.181427e-01	3.386129e-01	1.788032e-01	5.811466e-01	9.806459e-01	2.177009e+00	6.716258e-01	4.353259e-01	8.265561e-01	3.088048e-02
4.580000e+02	6.622198e-01	1.766158e-01	4.713171e-01	3.233589e-01	7.279405e-01	6.786455e-02	1.322636e-01	7.436535e-01	1.938288e-01	1.154257e+00	2.608811e+00	4.113504e-01	3.418292e-01	1.771760e-01	5.781892e-01	9.808910e-01	2.186775e+00	6.757949e-01	4.338749e-01	8.293154e-01	2.929067e-02
4.590000e+02	6.634987e-01	1.773766e-01	4.696962e-01	3.257199e-01	7.337539e-01	6.924000e-02	1.290172e-01	7.404657e-01	1.923947e-01	1.164993e+00	2.620864e+00	4.042295e-01	3.456499e-01	1.753692e-01	5.744422e-01	9.814498e-01	2.194729e+00	6.808546e-01	4.311459e-01	8.307156e-01	2.786754e-02
4.600000e+02	6.650146e-01	1.781547e-01	4.693477e-01	3.281473e-01	7.382218e-01	7.034968e-02	1.258118e-01	7.392323e-01	1.904986e-01	1.177733e+00	2.634387e+00	3.968361e-01	3.489112e-01	1.740411e-01	5.710845e-01	9.817722e-01	2.203826e+00	6.863387e-01	4.266647e-01	8.324552e-01	2.647823e-02
4.610000e+02	6.667230e-01	1.797220e-01	4.699562e-01	3.307042e-01	7.422003e-01	7.138711e-02	1.227421e-01	7.373855e-01	1.883073e-01	1.189801e+00	2.647509e+00	3.891943e-01	3.502993e-01	1.735110e-01	5.692878e-01	9.819137e-01	2.217170e+00	6.912341e-01	4.219557e-01	8.350447e-01	2.513499e-02
4.620000e+02	6.682601e-01	1.817160e-01	4.693417e-01	3.335838e-01	7.458395e-01	7.285709e-02	1.197784e-01	7.331415e-01	1.865707e-01	1.198988e+00	2.658994e+00	3.820745e-01	3.511003e-01	1.731490e-01	5.665265e-01	9.805550e-01	2.234360e+00	6.966317e-01	4.189848e-01	8.373300e-01	2.367906e-02
4.630000e+02	6.698782e-01	1.840886e-01	4.679616e-01	3.371200e-01	7.491851e-01	7.432520e-02	1.168475e-01	7.278741e-01	1.847833e-01	1.207094e+00	2.670476e+00	3.750684e-01	3.526242e-01	1.728483e-01	5.633548e-01	9.787437e-01	2.253917e+00	7.032072e-01	4.173543e-01	8.384256e-01	2.226561e-02
4.640000e+02	6.717636e-01	1.870811e-01	4.662456e-01	3.399894e-01	7.530189e-01	7.543298e-02	1.146151e-01	7.223896e-01	1.826284e-01	1.213727e+00	2.681778e+00	3.684135e-01	3.543183e-01	1.725347e-01	5.608931e-01	9.788251e-01	2.276148e+00	7.096310e-01	4.165367e-01	8.401449e-01	2.091965e-02
4.650000e+02	6.737060e-01	1.899410e-01	4.639220e-01	3.423696e-01	7.576885e-01	7.609113e-02	1.133294e-01	7.163556e-01	1.803570e-01	1.218913e+00	2.693845e+00	3.632234e-01	3.565121e-01	1.719889e-01	5.577409e-01	9.792970e-01	2.299022e+00	7.148633e-01	4.165256e-01	8.427195e-01	1.941451e-02
4.660000e+02	6.756115e-01	1.924197e-01	4.619074e-01	3.448726e-01	7.627525e-01	7.654825e-02	1.123076e-01	7.109944e-01	1.775224e-01	1.221921e+00	2.706837e+00	3.594711e-01	3.597007e-01	1.707768e-01	5.547980e-01	9.777752e-01	2.321458e+00	7.195517e-01	4.176743e-01	8.449721e-01	1.796796e-02
4.670000e+02	6.772686e-01	1.952008e-01	4.588716e-01	3.472516e-01	7.669802e-01	7.771829e-02	1.116749e-01	7.063271e-01	1.743440e-01	1.223947e+00	2.717948e+00	3.556562e-01	3.626868e-01	1.691437e-01	5.523222e-01	9.760043e-01	2.341936e+00	7.240975e-01	4.187200e-01	8.479492e-01	1.659342e-02
4.680000e+02	6.789580e-01	1.985681e-01	4.547176e-01	3.508458e-01	7.706909e-01	7.923769e-02	1.110127e-01	7.028452e-01	1.717495e-01	1.227246e+00	2.728438e+00	3.514236e-01	3.649670e-01	1.675346e-01	5.494146e-01	9.754156e-01	2.360490e+00	7.295245e-01	4.190456e-01	8.504805e-01	1.551227e-02
4.690000e+02	6.808457e-01	2.021873e-01	4.508701e-01	3.559670e-01	7.739824e-01	8.110638e-02	1.097950e-01	7.014897e-01	1.696632e-01	1.230046e+00	2.737978e+00	3.482327e-01	3.667441e-01	1.660208e-01	5.459848e-01	9.743755e-01	2.380315e+00	7.364856e-01	4.190355e-01	8.519241e-01	1.470998e-02
4.700000e+02	6.825749e-01	2.059154e-01	4.469304e-01	3.615352e-01	7.754734e-01	8.337347e-02	1.082979e-01	7.015115e-01	1.673861e-01	1.233166e+00	2.746301e+00	3.458184e-01	3.686104e-01	1.642748e-01	5.423191e-01	9.747527e-01	2.397015e+00	7.441120e-01	4.183145e-01	8.525938e-01	1.379569e-02
4.710000e+02	6.841360e-01	2.092058e-01	4.420401e-01	3.676928e-01	7.777911e-01	8.502478e-02	1.067274e-01	7.009276e-01	1.642805e-01	1.237578e+00	2.753643e+00	3.437181e-01	3.702270e-01	1.624952e-01	5.383559e-01	9.781613e-01	2.407935e+00	7.532444e-01	4.174309e-01	8.532686e-01	1.297210e-02
4.720000e+02	6.858108e-01	2.118943e-01	4.359461e-01	3.741180e-01	7.810977e-01	8.597336e-02	1.052046e-01	6.999134e-01	1.605015e-01	1.242686e+00	2.762968e+00	3.422634e-01	3.713560e-01	1.609371e-01	5.356059e-01	9.831575e-01	2.415257e+00	7.638639e-01	4.165575e-01	8.545581e-01	1.235605e-02
4.730000e+02	6.874587e-01	2.142704e-01	4.300603e-01	3.798613e-01	7.846338e-01	8.678122e-02	1.033817e-01	6.990670e-01	1.562372e-01	1.249226e+00	2.774783e+00	3.412113e-01	3.720934e-01	1.588388e-01	5.343751e-01	9.887986e-01	2.421391e+00	7.734330e-01	4.146313e-01	8.543696e-01	1.172984e-02
4.740000e+02	6.893642e-01	2.164224e-01	4.246236e-01	3.857088e-01	7.909293e-01	8.763509e-02	1.006459e-01	6.977550e-01	1.516904e-01	1.257146e+00	2.788291e+00	3.398800e-01	3.727561e-01	1.566840e-01	5.332297e-01	9.952919e-01	2.429076e+00	7.826104e-01	4.126647e-01	8.530949e-01	1.114787e-02
4.750000e+02	6.916388e-01	2.186029e-01	4.197991e-01	3.919149e-01	7.989429e-01	8.875443e-02	9.768253e-02	6.963590e-01	1.480094e-01	1.262306e+00	2.803858e+00	3.380028e-01	3.731831e-01	1.547381e-01	5.311149e-01	1.002626e+00	2.439042e+00	7.927507e-01	4.117601e-01	8.527076e-01	1.062195e-02
4.760000e+02	6.941763e-01	2.220394e-01	4.169288e-01	3.969494e-01	8.062526e-01	9.008359e-02	9.473817e-02	6.954122e-01	1.456957e-01	1.264797e+00	2.821036e+00	3.358886e-01	3.736607e-01	1.531925e-01	5.303373e-01	1.010475e+00	2.450735e+00	8.015096e-01	4.112185e-01	8.524608e-01	1.011534e-02
4.770000e+02	6.966295e-01	2.262985e-01	4.135361e-01	4.018663e-01	8.114221e-01	9.147917e-02	9.186708e-02	6.957300e-01	1.439475e-01	1.266810e+00	2.836465e+00	3.346785e-01	3.751411e-01	1.519946e-01	5.317277e-01	1.017634e+00	2.462122e+00	8.090941e-01	4.098968e-01	8.512028e-01	9.675769e-03
4.780000e+02	6.986936e-01	2.301141e-01	4.089426e-01	4.083187e-01	8.147531e-01	9.351100e-02	8.965598e-02	6.958521e-01	1.418199e-01	1.268485e+00	2.850160e+00	3.330867e-01	3.776986e-01	1.495166e-01	5.324542e-01	1.023515e+00	2.471936e+00	8.165472e-01	4.088577e-01	8.492965e-01	9.351045e-03
4.790000e+02	7.005161e-01	2.341227e-01	4.046811e-01	4.154952e-01	8.169601e-01	9.579425e-02	8.762202e-02	6.947531e-01	1.396056e-01	1.271005e+00	2.865330e+00	3.298942e-01	3.810699e-01	1.453346e-01	5.319652e-01	1.029627e+00	2.479485e+00	8.223165e-01	4.088172e-01	8.472516e-01	9.191235e-03
4.800000e+02	7.022328e-01	2.382299e-01	3.997531e-01	4.228921e-01	8.184708e-01	9.764004e-02	8.582183e-02	6.940590e-01	1.380051e-01	1.275591e+00	2.880898e+00	3.259308e-01	3.852139e-01	1.411485e-01	5.303935e-01	1.035609e+00	2.483370e+00	8.275288e-01	4.088038e-01	8.461993e-01	9.097352e-03
4.810000e+02	7.040150e-01	2.419426e-01	3.946857e-01	4.303125e-01	8.208311e-01	9.926230e-02	8.434546e-02	6.947036e-01	1.367265e-01	1.281830e+00	2.894942e+00	3.213620e-01	3.895620e-01	1.378511e-01	5.283864e-01	1.041022e+00	2.484211e+00	8.329900e-01	4.083695e-01	8.479810e-01	8.983413e-03
4.820000e+02	7.057366e-01	2.451748e-01	3.903394e-01	4.376094e-01	8.231747e-01	1.006277e-01	8.318631e-02	6.944029e-01	1.354435e-01	1.291140e+00	2.904973e+00	3.170676e-01	3.947094e-01	1.351157e-01	5.275410e-01	1.046296e+00	2.484103e+00	8.384638e-01	4.066471e-01	8.499132e-01	8.803539e-03
4.830000e+02	7.074815e-01	2.480710e-01	3.866662e-01	4.449682e-01	8.255706e-01	1.017030e-01	8.208351e-02	6.912112e-01	1.338571e-01	1.303287e+00	2.915813e+00	3.134372e-01	4.007899e-01	1.328267e-01	5.273887e-01	1.051660e+00	2.483256e+00	8.436129e-01	4.050053e-01	8.498659e-01	8.557633e-03
4.840000e+02	7.091124e-01	2.510806e-01	3.836992e-01	4.517092e-01	8.290640e-01	1.026656e-01	8.067055e-02	6.877849e-01	1.318676e-01	1.317373e+00	2.930403e+00	3.099515e-01	4.063880e-01	1.306830e-01	5.263122e-01	1.055590e+00	2.478774e+00	8.462858e-01	4.039622e-01	8.497004e-01	8.284279e-03
4.850000e+02	7.105976e-01	2.533544e-01	3.811877e-01	4.573297e-01	8.340865e-01	1.032037e-01	7.887936e-02	6.861000e-01	1.298501e-01	1.330265e+00	2.946982e+00	3.065579e-01	4.108466e-01	1.286254e-01	5.252405e-01	1.056271e+00	2.475154e+00	8.482040e-01	4.024445e-01	8.492528e-01	8.116682e-03
4.860000e+02	7.121632e-01	2.545752e-01	3.780864e-01	4.625666e-01	8.392699e-01	1.034697e-01	7.646966e-02	6.848687e-01	1.286455e-01	1.339467e+00	2.963396e+00	3.032729e-01	4.143815e-01	1.266102e-01	5.252155e-01	1.057009e+00	2.476062e+00	8.522037e-01	4.015832e-01	8.481548e-01	7.955447e-03
4.870000e+02	7.138760e-01	2.557281e-01	3.753509e-01	4.682086e-01	8.434632e-01	1.044516e-01	7.386530e-02	6.826958e-01	1.284164e-01	1.348060e+00	2.979967e+00	3.005812e-01	4.172983e-01	1.239555e-01	5.257947e-01	1.059914e+00	2.476854e+00	8.572573e-01	4.014840e-01	8.466216e-01	7.551961e-03
4.880000e+02	7.156951e-01	2.568391e-01	3.735564e-01	4.731849e-01	8.476780e-01	1.054099e-01	7.160739e-02	6.808821e-01	1.281719e-01	1.358275e+00	2.998217e+00	2.989055e-01	4.210680e-01	1.215542e-01	5.259449e-01	1.063116e+00	2.473709e+00	8.623712e-01	4.011416e-01	8.451811e-01	7.090751e-03
4.890000e+02	7.179715e-01	2.576382e-01	3.716532e-01	4.777272e-01	8.532923e-01	1.060415e-01	6.979373e-02	6.813416e-01	1.283236e-01	1.369532e+00	3.016253e+00	2.969048e-01	4.250953e-01	1.194589e-01	5.273937e-01	1.067563e+00	2.471000e+00	8.686850e-01	4.008538e-01	8.441769e-01	6.702427e-03
4.900000e+02	7.206344e-01	2.586415e-01	3.689542e-01	4.829429e-01	8.592795e-01	1.069642e-01	6.816408e-02	6.840310e-01	1.283781e-01	1.380681e+00	3.036462e+00	2.939449e-01	4.278845e-01	1.169505e-01	5.303113e-01	1.073055e+00	2.471076e+00	8.762353e-01	3.989093e-01	8.434884e-01	6.335772e-03
4.910000e+02	7.233219e-01	2.595632e-01	3.662107e-01	4.881222e-01	8.646656e-01	1.079249e-01	6.750433e-02	6.884928e-01	1.277606e-01	1.390500e+00	3.057371e+00	2.913728e-01	4.305712e-01	1.147043e-01	5.330633e-01	1.078281e+00	2.472039e+00	8.852248e-01	3.945641e-01	8.425977e-01	5.903087e-03
4.920000e+02	7.261716e-01	2.600353e-01	3.641976e-01	4.932291e-01	8.696022e-01	1.088358e-01	6.763910e-02	6.936071e-01	1.267106e-01	1.398597e+00	3.075156e+00	2.898779e-01	4.347882e-01	1.130095e-01	5.350750e-01	1.083478e+00	2.475229e+00	8.967265e-01	3.907271e-01	8.414575e-01	5.451695e-03
4.930000e+02	7.292835e-01	2.606743e-01	3.625753e-01	4.989315e-01	8.736458e-01	1.091212e-01	6.749638e-02	6.987377e-01	1.256645e-01	1.404260e+00	3.094842e+00	2.891861e-01	4.390580e-01	1.122555e-01	5.366396e-01	1.088625e+00	2.479912e+00	9.105288e-01	3.880018e-01	8.404584e-01	5.056567e-03
4.940000e+02	7.326445e-01	2.618192e-01	3.606283e-01	5.041926e-01	8.768791e-01	1.084656e-01	6.749229e-02	7.045274e-01	1.249465e-01	1.409087e+00	3.119884e+00	2.885146e-01	4.435245e-01	1.121570e-01	5.384715e-01	1.091635e+00	2.486110e+00	9.244445e-01	3.857648e-01	8.394651e-01	4.881349e-03
4.950000e+02	7.361882e-01	2.635025e-01	3.575688e-01	5.097318e-01	8.776979e-01	1.074602e-01	6.729797e-02	7.105565e-01	1.238854e-01	1.415199e+00	3.148773e+00	2.876306e-01	4.494289e-01	1.120020e-01	5.395479e-01	1.094588e+00	2.494780e+00	9.367975e-01	3.840209e-01	8.383833e-01	4.911265e-03
4.960000e+02	7.397630e-01	2.653066e-01	3.545193e-01	5.170833e-01	8.776532e-01	1.067746e-01	6.646264e-02	7.150100e-01	1.228920e-01	1.421925e+00	3.179721e+00	2.860370e-01	4.551711e-01	1.124740e-01	5.384341e-01	1.098005e+00	2.504916e+00	9.483908e-01	3.825591e-01	8.369711e-01	4.955109e-03
4.970000e+02	7.429777e-01	2.660067e-01	3.527785e-01	5.253681e-01	8.793006e-01	1.064432e-01	6.454756e-02	7.172801e-01	1.225653e-01	1.428320e+00	3.207154e+00	2.824666e-01	4.593187e-01	1.134521e-01	5.369922e-01	1.100680e+00	2.515821e+00	9.583511e-01	3.814733e-01	8.362709e-01	4.963639e-03
4.980000e+02	7.458126e-01	2.660391e-01	3.511588e-01	5.327827e-01	8.829982e-01	1.060372e-01	6.221622e-02	7.197481e-01	1.221815e-01	1.435621e+00	3.230586e+00	2.781651e-01	4.632518e-01	1.144929e-01	5.362186e-01	1.101472e+00	2.527913e+00	9.652618e-01	3.803868e-01	8.346601e-01	5.060551e-03
4.990000e+02	7.485935e-01	2.665132e-01	3.494748e-01	5.390610e-01	8.862940e-01	1.055939e-01	6.040216e-02	7.238129e-01	1.212348e-01	1.445613e+00	3.254452e+00	2.749306e-01	4.667756e-01	1.154455e-01	5.355225e-01	1.100586e+00	2.541208e+00	9.714359e-01	3.781427e-01	8.302048e-01	5.167560e-03
5.000000e+02	7.509612e-01	2.666475e-01	3.477403e-01	5.447650e-01	8.866204e-01	1.054826e-01	5.874943e-02	7.280680e-01	1.200842e-01	1.456910e+00	3.278747e+00	2.724334e-01	4.685027e-01	1.153949e-01	5.342134e-01	1.101128e+00	2.552163e+00	9.775386e-01	3.738190e-01	8.248648e-01	5.351372e-03
5.010000e+02	7.528445e-01	2.667076e-01	3.455124e-01	5.500988e-01	8.868407e-01	1.057686e-01	5.709362e-02	7.307246e-01	1.193606e-01	1.466639e+00	3.300602e+00	2.709364e-01	4.694397e-01	1.138566e-01	5.323692e-01	1.102618e+00	2.559137e+00	9.827867e-01	3.695905e-01	8.211515e-01	5.656952e-03
5.020000e+02	7.546546e-01	2.668278e-01	3.422781e-01	5.562078e-01	8.880746e-01	1.059027e-01	5.589321e-02	7.325245e-01	1.192656e-01	1.474842e+00	3.318018e+00	2.705520e-01	4.699005e-01	1.115691e-01	5.295552e-01	1.105857e+00	2.565488e+00	9.874886e-01	3.666546e-01	8.201897e-01	6.004559e-03
5.030000e+02	7.563002e-01	2.668033e-01	3.386595e-01	5.622311e-01	8.875079e-01	1.058722e-01	5.509614e-02	7.339375e-01	1.192426e-01	1.479701e+00	3.334811e+00	2.702191e-01	4.715334e-01	1.097785e-01	5.249464e-01	1.110305e+00	2.575027e+00	9.904257e-01	3.634418e-01	8.200971e-01	6.367092e-03
5.040000e+02	7.578167e-01	2.672185e-01	3.351370e-01	5.665712e-01	8.860552e-01	1.060191e-01	5.418911e-02	7.360236e-01	1.193850e-01	1.481308e+00	3.352353e+00	2.693720e-01	4.736420e-01	1.087298e-01	5.220208e-01	1.114196e+00	2.584415e+00	9.931665e-01	3.599542e-01	8.197869e-01	6.790923e-03
5.050000e+02	7.591767e-01	2.667306e-01	3.305321e-01	5.702529e-01	8.857189e-01	1.058568e-01	5.339460e-02	7.397706e-01	1.199787e-01	1.482309e+00	3.369511e+00	2.678377e-01	4.749775e-01	1.079291e-01	5.198186e-01	1.117670e+00	2.590614e+00	9.959739e-01	3.575847e-01	8.196761e-01	7.396264e-03
5.060000e+02	7.604557e-01	2.652266e-01	3.264319e-01	5.727004e-01	8.867353e-01	1.054197e-01	5.265159e-02	7.438351e-01	1.201909e-01	1.482093e+00	3.385939e+00	2.666416e-01	4.773230e-01	1.064725e-01	5.160877e-01	1.120960e+00	2.597944e+00	9.976759e-01	3.558261e-01	8.208515e-01	8.109191e-03
5.070000e+02	7.622323e-01	2.639728e-01	3.234756e-01	5.746731e-01	8.888928e-01	1.055162e-01	5.184768e-02	7.488748e-01	1.202429e-01	1.481841e+00	3.402656e+00	2.657834e-01	4.808419e-01	1.046296e-01	5.118871e-01	1.126160e+00	2.605103e+00	1.001365e+00	3.526494e-01	8.254575e-01	8.775557e-03
5.080000e+02	7.643019e-01	2.632645e-01	3.200728e-01	5.765758e-01	8.905970e-01	1.062741e-01	5.160796e-02	7.537483e-01	1.206548e-01	1.482108e+00	3.421327e+00	2.647091e-01	4.841586e-01	1.030408e-01	5.071405e-01	1.133164e+00	2.610714e+00	1.007298e+00	3.485110e-01	8.316943e-01	9.377063e-03
5.090000e+02	7.665038e-01	2.629366e-01	3.157479e-01	5.776357e-01	8.904631e-01	1.075151e-01	5.184401e-02	7.564198e-01	1.206950e-01	1.485315e+00	3.442705e+00	2.636392e-01	4.872400e-01	1.022346e-01	5.020524e-01	1.141592e+00	2.616654e+00	1.013545e+00	3.444139e-01	8.374008e-01	1.002695e-02
5.100000e+02	7.689581e-01	2.624187e-01	3.118566e-01	5.775621e-01	8.910731e-01	1.092371e-01	5.211589e-02	7.586034e-01	1.201171e-01	1.490733e+00	3.466022e+00	2.637892e-01	4.905294e-01	1.016783e-01	4.965317e-01	1.151042e+00	2.624741e+00	1.018552e+00	3.408314e-01	8.409991e-01	1.072821e-02
5.110000e+02	7.716976e-01	2.617486e-01	3.092041e-01	5.773246e-01	8.933611e-01	1.113058e-01	5.241346e-02	7.614870e-01	1.196839e-01	1.495286e+00	3.490469e+00	2.647296e-01	4.944375e-01	1.009100e-01	4.908395e-01	1.159816e+00	2.637647e+00	1.022137e+00	3.379475e-01	8.417838e-01	1.141979e-02
5.120000e+02	7.746793e-01	2.614555e-01	3.060034e-01	5.777642e-01	8.959461e-01	1.134152e-01	5.274257e-02	7.650627e-01	1.191089e-01	1.501122e+00	3.517803e+00	2.643998e-01	4.988924e-01	1.003877e-01	4.856644e-01	1.167768e+00	2.652282e+00	1.024601e+00	3.358840e-01	8.412457e-01	1.203758e-02
5.130000e+02	7.777016e-01	2.610743e-01	3.027059e-01	5.781116e-01	8.977363e-01	1.150559e-01	5.320837e-02	7.704173e-01	1.178350e-01	1.507640e+00	3.547614e+00	2.630697e-01	5.042795e-01	1.000146e-01	4.804045e-01	1.176445e+00	2.665097e+00	1.026971e+00	3.349493e-01	8.386763e-01	1.272665e-02
5.140000e+02	7.806407e-01	2.613117e-01	3.004368e-01	5.794367e-01	8.988300e-01	1.162072e-01	5.371122e-02	7.767609e-01	1.157426e-01	1.512203e+00	3.576478e+00	2.621605e-01	5.100835e-01	9.947815e-02	4.755545e-01	1.185521e+00	2.676638e+00	1.029504e+00	3.346094e-01	8.346771e-01	1.346820e-02
5.150000e+02	7.833421e-01	2.620438e-01	2.978890e-01	5.825653e-01	8.990825e-01	1.170261e-01	5.392300e-02	7.817913e-01	1.129854e-01	1.514562e+00	3.600355e+00	2.612430e-01	5.157410e-01	9.836880e-02	4.719852e-01	1.196000e+00	2.689140e+00	1.032977e+00	3.339018e-01	8.311238e-01	1.413738e-02
5.160000e+02	7.860101e-01	2.624265e-01	2.946639e-01	5.865397e-01	8.997049e-01	1.172603e-01	5.383051e-02	7.861057e-01	1.107864e-01	1.515496e+00	3.620017e+00	2.602823e-01	5.210851e-01	9.685486e-02	4.695030e-01	1.206039e+00	2.703703e+00	1.039732e+00	3.323009e-01	8.291849e-01	1.468600e-02
5.170000e+02	7.887102e-01	2.631246e-01	2.912514e-01	5.903183e-01	9.008215e-01	1.172415e-01	5.376555e-02	7.902264e-01	1.091967e-01	1.515078e+00	3.637949e+00	2.593928e-01	5.262798e-01	9.562248e-02	4.673562e-01	1.213310e+00	2.717783e+00	1.049345e+00	3.308504e-01	8.302238e-01	1.506827e-02
5.180000e+02	7.914890e-01	2.641223e-01	2.876893e-01	5.950636e-01	9.013797e-01	1.172982e-01	5.359506e-02	7.946955e-01	1.079984e-01	1.513237e+00	3.655465e+00	2.588125e-01	5.316131e-01	9.461874e-02	4.655490e-01	1.218869e+00	2.731370e+00	1.060133e+00	3.295921e-01	8.333766e-01	1.530083e-02
5.190000e+02	7.948521e-01	2.647611e-01	2.850521e-01	6.014691e-01	9.018471e-01	1.177776e-01	5.308918e-02	8.011687e-01	1.074737e-01	1.512202e+00	3.677870e+00	2.592102e-01	5.366922e-01	9.391428e-02	4.655045e-01	1.223712e+00	2.746580e+00	1.069541e+00	3.282279e-01	8.354665e-01	1.548326e-02
5.200000e+02	7.984053e-01	2.652827e-01	2.836214e-01	6.071103e-01	9.018830e-01	1.189090e-01	5.266231e-02	8.081201e-01	1.069815e-01	1.513532e+00	3.703278e+00	2.596471e-01	5.402183e-01	9.365404e-02	4.659577e-01	1.228972e+00	2.762994e+00	1.077779e+00	3.267362e-01	8.351078e-01	1.566012e-02
5.210000e+02	8.013846e-01	2.651037e-01	2.823007e-01	6.105515e-01	9.008952e-01	1.201610e-01	5.260843e-02	8.138663e-01	1.057745e-01	1.515364e+00	3.724753e+00	2.599171e-01	5.423393e-01	9.367407e-02	4.655547e-01	1.235182e+00	2.778581e+00	1.086034e+00	3.249664e-01	8.341272e-01	1.593766e-02
5.220000e+02	8.040353e-01	2.640002e-01	2.795700e-01	6.137118e-01	9.003031e-01	1.214381e-01	5.279755e-02	8.190156e-01	1.043003e-01	1.514487e+00	3.743317e+00	2.605092e-01	5.445538e-01	9.389167e-02	4.650002e-01	1.243963e+00	2.792518e+00	1.093272e+00	3.237297e-01	8.338217e-01	1.650717e-02
5.230000e+02	8.062177e-01	2.636816e-01	2.744882e-01	6.169163e-01	8.996519e-01	1.228455e-01	5.325308e-02	8.243792e-01	1.030288e-01	1.508364e+00	3.760075e+00	2.609737e-01	5.461504e-01	9.418386e-02	4.645397e-01	1.254002e+00	2.804832e+00	1.098146e+00	3.227006e-01	8.349700e-01	1.717077e-02
5.240000e+02	8.079928e-01	2.638087e-01	2.681672e-01	6.208427e-01	8.986969e-01	1.238643e-01	5.364686e-02	8.307020e-01	1.016916e-01	1.499194e+00	3.775522e+00	2.616440e-01	5.467215e-01	9.464795e-02	4.648477e-01	1.262510e+00	2.816569e+00	1.101663e+00	3.215415e-01	8.360163e-01	1.755808e-02
5.250000e+02	8.096162e-01	2.644605e-01	2.615951e-01	6.243815e-01	8.984877e-01	1.249930e-01	5.362860e-02	8.360664e-01	1.004465e-01	1.489168e+00	3.791179e+00	2.624335e-01	5.473176e-01	9.477683e-02	4.649542e-01	1.270704e+00	2.826752e+00	1.106064e+00	3.206848e-01	8.364771e-01	1.775368e-02
5.260000e+02	8.110738e-01	2.652547e-01	2.549269e-01	6.248093e-01	8.992389e-01	1.260440e-01	5.366691e-02	8.398152e-01	9.914901e-02	1.479757e+00	3.808856e+00	2.633795e-01	5.477730e-01	9.444224e-02	4.644323e-01	1.277972e+00	2.835434e+00	1.111579e+00	3.196057e-01	8.374773e-01	1.786240e-02
5.270000e+02	8.128043e-01	2.656370e-01	2.486090e-01	6.234758e-01	9.005752e-01	1.263834e-01	5.384554e-02	8.439185e-01	9.797125e-02	1.472858e+00	3.828675e+00	2.647125e-01	5.486183e-01	9.372477e-02	4.645156e-01	1.286057e+00	2.843062e+00	1.117557e+00	3.183622e-01	8.397216e-01	1.780814e-02
5.280000e+02	8.148536e-01	2.660704e-01	2.427967e-01	6.223611e-01	9.015031e-01	1.267525e-01	5.373014e-02	8.486288e-01	9.730979e-02	1.466433e+00	3.851271e+00	2.661305e-01	5.505424e-01	9.252158e-02	4.640247e-01	1.296514e+00	2.848015e+00	1.124415e+00	3.174398e-01	8.427530e-01	1.785846e-02
5.290000e+02	8.171882e-01	2.667061e-01	2.377514e-01	6.214995e-01	9.036213e-01	1.273019e-01	5.398024e-02	8.527582e-01	9.679242e-02	1.459672e+00	3.876504e+00	2.678873e-01	5.531105e-01	9.114720e-02	4.631544e-01	1.307256e+00	2.852233e+00	1.131960e+00	3.168768e-01	8.454272e-01	1.812390e-02
5.300000e+02	8.195239e-01	2.674259e-01	2.332803e-01	6.194119e-01	9.072410e-01	1.276434e-01	5.478135e-02	8.546096e-01	9.661866e-02	1.454886e+00	3.902181e+00	2.703167e-01	5.557980e-01	8.999478e-02	4.626126e-01	1.316836e+00	2.856400e+00	1.139797e+00	3.155584e-01	8.464137e-01	1.867155e-02
5.310000e+02	8.219068e-01	2.678102e-01	2.293206e-01	6.174108e-01	9.112192e-01	1.286053e-01	5.600009e-02	8.545178e-01	9.666073e-02	1.453562e+00	3.925851e+00	2.724235e-01	5.587775e-01	8.913414e-02	4.625054e-01	1.325773e+00	2.861061e+00	1.147536e+00	3.139142e-01	8.466672e-01	1.938573e-02
5.320000e+02	8.246777e-01	2.687679e-01	2.259497e-01	6.159748e-01	9.170848e-01	1.297066e-01	5.766258e-02	8.539791e-01	9.648831e-02	1.454285e+00	3.948398e+00	2.741736e-01	5.623094e-01	8.821147e-02	4.634620e-01	1.335590e+00	2.866542e+00	1.153924e+00	3.127053e-01	8.483120e-01	2.002631e-02
5.330000e+02	8.272984e-01	2.703537e-01	2.231331e-01	6.139319e-01	9.240332e-01	1.299951e-01	5.914712e-02	8.547249e-01	9.605060e-02	1.454144e+00	3.967549e+00	2.751888e-01	5.663831e-01	8.731871e-02	4.640321e-01	1.343876e+00	2.872832e+00	1.161416e+00	3.111033e-01	8.501989e-01	2.055795e-02
5.340000e+02	8.293954e-01	2.717696e-01	2.211165e-01	6.116731e-01	9.300744e-01	1.297234e-01	6.029396e-02	8.574404e-01	9.526721e-02	1.452866e+00	3.982067e+00	2.754953e-01	5.705221e-01	8.680103e-02	4.633056e-01	1.349597e+00	2.878535e+00	1.170004e+00	3.093953e-01	8.511313e-01	2.082871e-02
5.350000e+02	8.312514e-01	2.726808e-01	2.190347e-01	6.107997e-01	9.350345e-01	1.283840e-01	6.108320e-02	8.605202e-01	9.462630e-02	1.452070e+00	3.991561e+00	2.757615e-01	5.741696e-01	8.667967e-02	4.625075e-01	1.356007e+00	2.884833e+00	1.178512e+00	3.084956e-01	8.511841e-01	2.108284e-02
5.360000e+02	8.334043e-01	2.732295e-01	2.169019e-01	6.127850e-01	9.410974e-01	1.269319e-01	6.207848e-02	8.639613e-01	9.428904e-02	1.450305e+00	3.999422e+00	2.763684e-01	5.782651e-01	8.724832e-02	4.626960e-01	1.364447e+00	2.889939e+00	1.187633e+00	3.076066e-01	8.513629e-01	2.151802e-02
5.370000e+02	8.358967e-01	2.743343e-01	2.153569e-01	6.164224e-01	9.494156e-01	1.263362e-01	6.337607e-02	8.670426e-01	9.388075e-02	1.446014e+00	4.009088e+00	2.779781e-01	5.823422e-01	8.833413e-02	4.637061e-01	1.372369e+00	2.892261e+00	1.197660e+00	3.067016e-01	8.532356e-01	2.207866e-02
5.380000e+02	8.384636e-01	2.765727e-01	2.133037e-01	6.189575e-01	9.574548e-01	1.261925e-01	6.434793e-02	8.698156e-01	9.357550e-02	1.440658e+00	4.018174e+00	2.799651e-01	5.854012e-01	8.933718e-02	4.659323e-01	1.377416e+00	2.896156e+00	1.209659e+00	3.066148e-01	8.569016e-01	2.283566e-02
5.390000e+02	8.405024e-01	2.790907e-01	2.102079e-01	6.209509e-01	9.636079e-01	1.263998e-01	6.531864e-02	8.730092e-01	9.297019e-02	1.436122e+00	4.024827e+00	2.817080e-01	5.875785e-01	9.055368e-02	4.681747e-01	1.380120e+00	2.898122e+00	1.219980e+00	3.070469e-01	8.606982e-01	2.356228e-02
5.400000e+02	8.418961e-01	2.814576e-01	2.066769e-01	6.232289e-01	9.679443e-01	1.266599e-01	6.685520e-02	8.755853e-01	9.204627e-02	1.431866e+00	4.029372e+00	2.833427e-01	5.896371e-01	9.218358e-02	4.693924e-01	1.383341e+00	2.894901e+00	1.227644e+00	3.077568e-01	8.638174e-01	2.421451e-02
5.410000e+02	8.431407e-01	2.828461e-01	2.038450e-01	6.248826e-01	9.704951e-01	1.269066e-01	6.874011e-02	8.772658e-01	9.174516e-02	1.428076e+00	4.036099e+00	2.847418e-01	5.919606e-01	9.367805e-02	4.695623e-01	1.388444e+00	2.888597e+00	1.234363e+00	3.088077e-01	8.666526e-01	2.510564e-02
5.420000e+02	8.445418e-01	2.827758e-01	2.023031e-01	6.259235e-01	9.725491e-01	1.274920e-01	7.051666e-02	8.803003e-01	9.225241e-02	1.426714e+00	4.045925e+00	2.852784e-01	5.948156e-01	9.482671e-02	4.697214e-01	1.394504e+00	2.881239e+00	1.238784e+00	3.100893e-01	8.686997e-01	2.612621e-02
5.430000e+02	8.460374e-01	2.821200e-01	2.016692e-01	6.277192e-01	9.755806e-01	1.278635e-01	7.234065e-02	8.844401e-01	9.359657e-02	1.428440e+00	4.053367e+00	2.853380e-01	5.979493e-01	9.598298e-02	4.700867e-01	1.400212e+00	2.874749e+00	1.241877e+00	3.110793e-01	8.693359e-01	2.700018e-02
5.440000e+02	8.475840e-01	2.812973e-01	2.005761e-01	6.305442e-01	9.777718e-01	1.280871e-01	7.444071e-02	8.879108e-01	9.489868e-02	1.431282e+00	4.062235e+00	2.852330e-01	6.005721e-01	9.693323e-02	4.697490e-01	1.407130e+00	2.867584e+00	1.246044e+00	3.120749e-01	8.696154e-01	2.770076e-02
5.450000e+02	8.493758e-01	2.803993e-01	1.987291e-01	6.335459e-01	9.796761e-01	1.283238e-01	7.624108e-02	8.890717e-01	9.571674e-02	1.433384e+00	4.074493e+00	2.861001e-01	6.032354e-01	9.757738e-02	4.697511e-01	1.416690e+00	2.861774e+00	1.250651e+00	3.137136e-01	8.702346e-01	2.820779e-02
5.460000e+02	8.511508e-01	2.799592e-01	1.973760e-01	6.363966e-01	9.826738e-01	1.283416e-01	7.754137e-02	8.888699e-01	9.661339e-02	1.435279e+00	4.080233e+00	2.868345e-01	6.062871e-01	9.848586e-02	4.711827e-01	1.426550e+00	2.859107e+00	1.254736e+00	3.151649e-01	8.726953e-01	2.868917e-02
5.470000e+02	8.527169e-01	2.803637e-01	1.966441e-01	6.384985e-01	9.857076e-01	1.280436e-01	7.877664e-02	8.908123e-01	9.793422e-02	1.435525e+00	4.079923e+00	2.860564e-01	6.097533e-01	9.901991e-02	4.735738e-01	1.436698e+00	2.856412e+00	1.257829e+00	3.165060e-01	8.772147e-01	2.904424e-02
5.480000e+02	8.542250e-01	2.812605e-01	1.958336e-01	6.400497e-01	9.889133e-01	1.282782e-01	7.989411e-02	8.944814e-01	9.927101e-02	1.435329e+00	4.079277e+00	2.845523e-01	6.132339e-01	9.838783e-02	4.755535e-01	1.446483e+00	2.854227e+00	1.260659e+00	3.184395e-01	8.811725e-01	2.920476e-02
5.490000e+02	8.558368e-01	2.824609e-01	1.947406e-01	6.427141e-01	9.912937e-01	1.288157e-01	8.097525e-02	8.980310e-01	1.003779e-01	1.437656e+00	4.079056e+00	2.831388e-01	6.153980e-01	9.704274e-02	4.761527e-01	1.454463e+00	2.853380e+00	1.266181e+00	3.206239e-01	8.850274e-01	2.920842e-02
5.500000e+02	8.577885e-01	2.837429e-01	1.939712e-01	6.470570e-01	9.934199e-01	1.293473e-01	8.204607e-02	8.997689e-01	1.018147e-01	1.442962e+00	4.082268e+00	2.822800e-01	6.182122e-01	9.609710e-02	4.750384e-01	1.460608e+00	2.855045e+00	1.271984e+00	3.229337e-01	8.881173e-01	2.905688e-02
5.510000e+02	8.598018e-01	2.850294e-01	1.937517e-01	6.512847e-01	9.958394e-01	1.293020e-01	8.344921e-02	9.011356e-01	1.037446e-01	1.450411e+00	4.085676e+00	2.816571e-01	6.231687e-01	9.576348e-02	4.739935e-01	1.464046e+00	2.859359e+00	1.276649e+00	3.249597e-01	8.879819e-01	2.883255e-02
5.520000e+02	8.614609e-01	2.867585e-01	1.933757e-01	6.546249e-01	9.963615e-01	1.279062e-01	8.529280e-02	9.034076e-01	1.062890e-01	1.458949e+00	4.085645e+00	2.805716e-01	6.273076e-01	9.566188e-02	4.739489e-01	1.465861e+00	2.863799e+00	1.280329e+00	3.279495e-01	8.865764e-01	2.860277e-02
5.530000e+02	8.624141e-01	2.883102e-01	1.925949e-01	6.578223e-01	9.965061e-01	1.262715e-01	8.701946e-02	9.047808e-01	1.088550e-01	1.465055e+00	4.083957e+00	2.798843e-01	6.293457e-01	9.570924e-02	4.748539e-01	1.464880e+00	2.865158e+00	1.283438e+00	3.310572e-01	8.845428e-01	2.824053e-02
5.540000e+02	8.627209e-01	2.900654e-01	1.911003e-01	6.604031e-01	9.967764e-01	1.247822e-01	8.754342e-02	9.054187e-01	1.109202e-01	1.468552e+00	4.079771e+00	2.800919e-01	6.291229e-01	9.604115e-02	4.772228e-01	1.462035e+00	2.863514e+00	1.288617e+00	3.325689e-01	8.819768e-01	2.789355e-02
5.550000e+02	8.631657e-01	2.923754e-01	1.888017e-01	6.625567e-01	9.969130e-01	1.232865e-01	8.751344e-02	9.079622e-01	1.127547e-01	1.471477e+00	4.074142e+00	2.806781e-01	6.265774e-01	9.659007e-02	4.812277e-01	1.461372e+00	2.861772e+00	1.294880e+00	3.332725e-01	8.813927e-01	2.776871e-02
5.560000e+02	8.637448e-01	2.943402e-01	1.865208e-01	6.659730e-01	9.958446e-01	1.225906e-01	8.752815e-02	9.109331e-01	1.147621e-01	1.473578e+00	4.070080e+00	2.811559e-01	6.222713e-01	9.723472e-02	4.861347e-01	1.463201e+00	2.858621e+00	1.301226e+00	3.335172e-01	8.817917e-01	2.759226e-02
5.570000e+02	8.642702e-01	2.960187e-01	1.838153e-01	6.701242e-01	9.931595e-01	1.229370e-01	8.701290e-02	9.128479e-01	1.169545e-01	1.475812e+00	4.069761e+00	2.819751e-01	6.179113e-01	9.760223e-02	4.908136e-01	1.463474e+00	2.855024e+00	1.307961e+00	3.329602e-01	8.818246e-01	2.741527e-02
5.580000e+02	8.649844e-01	2.975215e-01	1.807651e-01	6.744780e-01	9.900096e-01	1.233633e-01	8.632554e-02	9.152206e-01	1.194663e-01	1.478275e+00	4.073527e+00	2.836451e-01	6.132819e-01	9.754027e-02	4.934303e-01	1.463105e+00	2.854041e+00	1.314605e+00	3.318646e-01	8.820219e-01	2.720021e-02
5.590000e+02	8.661332e-01	2.990871e-01	1.781271e-01	6.795219e-01	9.873201e-01	1.240106e-01	8.567008e-02	9.179340e-01	1.224051e-01	1.483223e+00	4.078414e+00	2.846329e-01	6.085144e-01	9.750853e-02	4.945924e-01	1.464635e+00	2.853363e+00	1.323059e+00	3.312264e-01	8.823073e-01	2.711137e-02
5.600000e+02	8.677780e-01	3.006120e-01	1.762837e-01	6.849925e-01	9.848887e-01	1.249337e-01	8.504974e-02	9.212245e-01	1.253375e-01	1.490280e+00	4.086910e+00	2.851344e-01	6.051076e-01	9.752018e-02	4.958695e-01	1.466977e+00	2.851288e+00	1.332462e+00	3.309493e-01	8.825258e-01	2.721359e-02
5.610000e+02	8.695827e-01	3.013490e-01	1.747905e-01	6.902472e-01	9.820426e-01	1.249451e-01	8.445168e-02	9.267387e-01	1.275686e-01	1.497049e+00	4.100828e+00	2.860715e-01	6.026926e-01	9.731768e-02	4.962431e-01	1.471357e+00	2.848403e+00	1.339261e+00	3.308476e-01	8.819725e-01	2.747639e-02
5.620000e+02	8.709354e-01	3.028673e-01	1.729445e-01	6.943222e-01	9.803900e-01	1.240952e-01	8.394431e-02	9.322269e-01	1.294286e-01	1.503993e+00	4.114089e+00	2.869583e-01	6.001190e-01	9.708672e-02	4.957120e-01	1.473305e+00	2.844122e+00	1.343722e+00	3.307168e-01	8.808158e-01	2.784891e-02
5.630000e+02	8.723405e-01	3.055838e-01	1.712621e-01	6.976024e-01	9.799229e-01	1.235888e-01	8.364047e-02	9.369424e-01	1.309585e-01	1.511132e+00	4.126593e+00	2.881527e-01	5.976137e-01	9.685569e-02	4.956521e-01	1.474643e+00	2.839453e+00	1.348734e+00	3.309179e-01	8.794813e-01	2.808224e-02
5.640000e+02	8.739347e-01	3.084196e-01	1.693295e-01	7.001852e-01	9.795514e-01	1.231828e-01	8.343816e-02	9.424706e-01	1.319448e-01	1.517046e+00	4.140945e+00	2.899805e-01	5.947460e-01	9.652717e-02	4.955410e-01	1.478370e+00	2.835475e+00	1.353692e+00	3.315974e-01	8.782369e-01	2.801378e-02
5.650000e+02	8.755949e-01	3.119218e-01	1.675163e-01	7.034169e-01	9.787478e-01	1.229151e-01	8.323000e-02	9.475007e-01	1.334003e-01	1.522935e+00	4.155223e+00	2.920947e-01	5.920392e-01	9.662104e-02	4.953892e-01	1.482686e+00	2.832997e+00	1.357678e+00	3.323584e-01	8.752491e-01	2.797914e-02
5.660000e+02	8.774763e-01	3.161429e-01	1.666765e-01	7.054746e-01	9.770609e-01	1.230489e-01	8.294298e-02	9.531362e-01	1.358208e-01	1.529763e+00	4.167799e+00	2.941676e-01	5.911875e-01	9.751841e-02	4.957671e-01	1.488822e+00	2.830501e+00	1.361577e+00	3.336168e-01	8.702993e-01	2.820282e-02
5.670000e+02	8.793266e-01	3.200995e-01	1.660112e-01	7.051342e-01	9.753662e-01	1.226454e-01	8.272626e-02	9.591197e-01	1.389762e-01	1.537291e+00	4.177159e+00	2.960178e-01	5.909742e-01	9.886168e-02	4.956134e-01	1.494812e+00	2.830368e+00	1.367949e+00	3.348412e-01	8.642052e-01	2.835966e-02
5.680000e+02	8.811453e-01	3.239340e-01	1.648454e-01	7.048370e-01	9.724585e-01	1.215992e-01	8.258575e-02	9.652617e-01	1.425008e-01	1.543856e+00	4.184957e+00	2.981494e-01	5.906415e-01	1.000609e-01	4.961396e-01	1.498520e+00	2.831393e+00	1.378494e+00	3.362705e-01	8.580141e-01	2.838712e-02
5.690000e+02	8.830155e-01	3.268342e-01	1.637795e-01	7.059458e-01	9.685787e-01	1.205906e-01	8.255839e-02	9.729238e-01	1.454446e-01	1.549656e+00	4.195051e+00	3.012679e-01	5.897693e-01	1.009639e-01	4.961654e-01	1.500841e+00	2.831207e+00	1.389180e+00	3.385281e-01	8.525958e-01	2.842868e-02
5.700000e+02	8.851667e-01	3.292830e-01	1.627302e-01	7.073344e-01	9.658291e-01	1.201603e-01	8.266205e-02	9.815754e-01	1.480988e-01	1.556875e+00	4.209147e+00	3.057292e-01	5.870698e-01	1.017453e-01	4.945103e-01	1.501686e+00	2.833964e+00	1.398484e+00	3.407377e-01	8.466897e-01	2.902115e-02
5.710000e+02	8.876804e-01	3.324801e-01	1.614893e-01	7.073370e-01	9.658039e-01	1.201568e-01	8.252020e-02	9.917873e-01	1.510712e-01	1.564815e+00	4.222414e+00	3.101944e-01	5.839949e-01	1.021421e-01	4.937002e-01	1.501796e+00	2.840488e+00	1.407072e+00	3.430250e-01	8.415535e-01	2.976626e-02
5.720000e+02	8.901718e-01	3.353652e-01	1.605104e-01	7.069996e-01	9.666308e-01	1.200688e-01	8.174944e-02	1.001419e+00	1.540381e-01	1.572975e+00	4.233989e+00	3.137664e-01	5.814446e-01	1.023823e-01	4.935999e-01	1.502511e+00	2.847904e+00	1.413615e+00	3.470745e-01	8.372129e-01	3.018055e-02
5.730000e+02	8.923244e-01	3.380094e-01	1.594424e-01	7.078854e-01	9.667561e-01	1.198911e-01	8.067262e-02	1.008221e+00	1.566292e-01	1.582450e+00	4.246526e+00	3.162918e-01	5.780051e-01	1.029130e-01	4.936412e-01	1.502863e+00	2.853210e+00	1.417580e+00	3.523766e-01	8.326893e-01	3.043395e-02
5.740000e+02	8.944737e-01	3.406499e-01	1.587337e-01	7.099302e-01	9.660889e-01	1.196519e-01	7.975538e-02	1.011248e+00	1.585946e-01	1.591826e+00	4.261993e+00	3.189902e-01	5.737182e-01	1.034859e-01	4.945235e-01	1.505238e+00	2.856391e+00	1.421255e+00	3.577198e-01	8.292459e-01	3.043417e-02
5.750000e+02	8.966838e-01	3.432474e-01	1.591996e-01	7.110313e-01	9.648942e-01	1.198329e-01	7.877619e-02	1.011240e+00	1.608562e-01	1.601667e+00	4.276349e+00	3.224466e-01	5.697923e-01	1.042779e-01	4.962821e-01	1.510275e+00	2.858000e+00	1.423780e+00	3.625827e-01	8.285772e-01	3.056759e-02
5.760000e+02	8.991164e-01	3.466129e-01	1.607054e-01	7.110962e-01	9.636889e-01	1.202959e-01	7.787765e-02	1.011165e+00	1.637457e-01	1.614938e+00	4.289737e+00	3.271535e-01	5.667237e-01	1.047985e-01	4.992640e-01	1.514631e+00	2.857704e+00	1.424429e+00	3.656194e-01	8.310948e-01	3.104789e-02
5.770000e+02	9.017942e-01	3.509032e-01	1.624835e-01	7.106859e-01	9.625988e-01	1.204524e-01	7.700461e-02	1.013020e+00	1.666199e-01	1.630564e+00	4.305752e+00	3.328550e-01	5.639535e-01	1.052383e-01	5.014171e-01	1.517277e+00	2.856640e+00	1.424997e+00	3.668800e-01	8.351431e-01	3.140004e-02
5.780000e+02	9.048740e-01	3.553932e-01	1.638510e-01	7.107748e-01	9.633858e-01	1.202732e-01	7.609727e-02	1.018051e+00	1.694891e-01	1.647143e+00	4.323156e+00	3.384315e-01	5.605432e-01	1.063228e-01	5.024722e-01	1.519466e+00	2.858705e+00	1.425125e+00	3.678332e-01	8.394841e-01	3.148330e-02
5.790000e+02	9.080882e-01	3.607534e-01	1.654860e-01	7.128792e-01	9.657230e-01	1.197496e-01	7.582043e-02	1.024201e+00	1.720604e-01	1.663329e+00	4.339958e+00	3.438227e-01	5.569421e-01	1.073714e-01	5.029418e-01	1.522658e+00	2.861438e+00	1.423634e+00	3.695411e-01	8.418647e-01	3.158997e-02
5.800000e+02	9.112053e-01	3.667503e-01	1.678089e-01	7.146438e-01	9.696493e-01	1.192074e-01	7.595799e-02	1.030238e+00	1.742396e-01	1.680182e+00	4.356118e+00	3.485346e-01	5.540399e-01	1.079368e-01	5.036848e-01	1.525499e+00	2.860856e+00	1.423415e+00	3.713119e-01	8.421556e-01	3.187675e-02
5.810000e+02	9.144459e-01	3.721629e-01	1.701372e-01	7.156602e-01	9.735185e-01	1.186340e-01	7.579291e-02	1.036560e+00	1.764939e-01	1.695962e+00	4.373148e+00	3.526145e-01	5.522215e-01	1.084106e-01	5.051317e-01	1.528671e+00	2.861328e+00	1.426796e+00	3.727966e-01	8.404167e-01	3.246105e-02
5.820000e+02	9.179836e-01	3.767073e-01	1.727277e-01	7.181536e-01	9.765237e-01	1.178361e-01	7.602917e-02	1.043378e+00	1.782470e-01	1.710745e+00	4.392158e+00	3.563548e-01	5.515994e-01	1.085318e-01	5.054946e-01	1.533241e+00	2.865652e+00	1.431850e+00	3.752590e-01	8.359149e-01	3.326794e-02
5.830000e+02	9.215813e-01	3.800059e-01	1.757224e-01	7.218669e-01	9.785177e-01	1.170266e-01	7.665545e-02	1.050508e+00	1.793370e-01	1.728234e+00	4.410639e+00	3.598383e-01	5.512736e-01	1.084432e-01	5.059936e-01	1.537163e+00	2.871267e+00	1.438442e+00	3.784528e-01	8.282618e-01	3.397613e-02
5.840000e+02	9.252740e-01	3.821526e-01	1.790620e-01	7.259149e-01	9.814643e-01	1.163441e-01	7.725127e-02	1.058698e+00	1.801181e-01	1.745593e+00	4.427714e+00	3.621751e-01	5.512456e-01	1.087995e-01	5.073809e-01	1.541016e+00	2.878696e+00	1.445312e+00	3.827041e-01	8.192967e-01	3.454183e-02
5.850000e+02	9.291282e-01	3.829181e-01	1.839343e-01	7.291413e-01	9.840722e-01	1.155845e-01	7.806995e-02	1.067972e+00	1.807125e-01	1.761881e+00	4.446371e+00	3.641358e-01	5.511992e-01	1.089624e-01	5.078424e-01	1.544709e+00	2.888960e+00	1.452643e+00	3.872432e-01	8.112277e-01	3.498348e-02
5.860000e+02	9.328481e-01	3.835940e-01	1.896270e-01	7.315172e-01	9.836264e-01	1.147578e-01	7.900637e-02	1.077462e+00	1.812537e-01	1.778776e+00	4.465556e+00	3.666160e-01	5.500644e-01	1.091988e-01	5.070219e-01	1.547732e+00	2.899106e+00	1.462222e+00	3.913065e-01	8.033250e-01	3.519408e-02
5.870000e+02	9.364217e-01	3.853493e-01	1.944560e-01	7.351449e-01	9.816603e-01	1.135365e-01	7.948452e-02	1.087163e+00	1.814743e-01	1.798810e+00	4.485137e+00	3.699658e-01	5.476208e-01	1.100771e-01	5.056341e-01	1.550577e+00	2.906135e+00	1.470115e+00	3.951594e-01	7.956132e-01	3.532200e-02
5.880000e+02	9.398038e-01	3.884831e-01	1.979040e-01	7.397271e-01	9.786450e-01	1.114695e-01	7.942200e-02	1.094437e+00	1.820330e-01	1.820800e+00	4.505888e+00	3.728525e-01	5.459876e-01	1.113406e-01	5.044915e-01	1.552883e+00	2.912236e+00	1.474882e+00	3.978650e-01	7.892243e-01	3.550490e-02
5.890000e+02	9.429755e-01	3.923358e-01	2.009901e-01	7.435879e-01	9.752180e-01	1.091033e-01	7.897415e-02	1.101202e+00	1.839208e-01	1.839896e+00	4.527240e+00	3.741559e-01	5.444039e-01	1.126220e-01	5.035171e-01	1.554379e+00	2.917945e+00	1.479080e+00	3.994846e-01	7.858438e-01	3.561056e-02
5.900000e+02	9.458439e-01	3.959929e-01	2.044604e-01	7.471920e-01	9.722503e-01	1.069666e-01	7.792273e-02	1.108311e+00	1.866359e-01	1.855191e+00	4.546862e+00	3.755712e-01	5.414134e-01	1.139963e-01	5.027819e-01	1.554693e+00	2.924819e+00	1.482395e+00	3.995813e-01	7.841813e-01	3.566155e-02
5.910000e+02	9.485386e-01	3.990785e-01	2.083495e-01	7.502126e-01	9.698479e-01	1.051070e-01	7.731561e-02	1.114409e+00	1.894088e-01	1.868862e+00	4.564311e+00	3.778918e-01	5.387777e-01	1.158864e-01	5.020677e-01	1.554684e+00	2.932052e+00	1.485332e+00	3.986446e-01	7.829228e-01	3.561205e-02
5.920000e+02	9.511292e-01	4.015829e-01	2.127670e-01	7.505162e-01	9.665817e-01	1.035422e-01	7.761158e-02	1.119242e+00	1.925873e-01	1.879494e+00	4.581537e+00	3.814265e-01	5.365989e-01	1.181245e-01	5.006297e-01	1.555464e+00	2.939991e+00	1.489313e+00	3.983402e-01	7.819540e-01	3.528011e-02
5.930000e+02	9.535758e-01	4.030606e-01	2.172759e-01	7.501665e-01	9.632775e-01	1.020066e-01	7.829138e-02	1.123425e+00	1.952677e-01	1.889192e+00	4.596255e+00	3.858295e-01	5.343245e-01	1.199905e-01	4.996701e-01	1.556987e+00	2.949842e+00	1.492849e+00	3.977860e-01	7.809583e-01	3.506175e-02
5.940000e+02	9.557240e-01	4.034917e-01	2.209542e-01	7.508580e-01	9.605134e-01	1.009158e-01	7.903534e-02	1.127597e+00	1.971795e-01	1.898023e+00	4.610769e+00	3.902198e-01	5.333430e-01	1.215083e-01	5.006609e-01	1.556314e+00	2.956237e+00	1.494309e+00	3.963943e-01	7.812326e-01	3.492585e-02
5.950000e+02	9.575052e-01	4.020592e-01	2.237018e-01	7.513324e-01	9.559053e-01	1.010293e-01	7.948288e-02	1.132077e+00	1.987859e-01	1.904755e+00	4.625874e+00	3.939966e-01	5.328051e-01	1.229001e-01	5.023514e-01	1.552713e+00	2.960789e+00	1.496470e+00	3.959413e-01	7.823910e-01	3.474397e-02
5.960000e+02	9.588710e-01	3.991902e-01	2.275533e-01	7.505677e-01	9.506613e-01	1.015241e-01	7.942691e-02	1.136602e+00	2.001440e-01	1.910726e+00	4.636676e+00	3.971466e-01	5.317522e-01	1.240463e-01	5.029338e-01	1.547726e+00	2.966043e+00	1.500618e+00	3.959834e-01	7.833315e-01	3.476819e-02
5.970000e+02	9.599756e-01	3.965215e-01	2.327518e-01	7.493661e-01	9.465545e-01	1.017132e-01	7.926010e-02	1.140445e+00	2.011711e-01	1.915237e+00	4.645845e+00	3.993741e-01	5.306740e-01	1.248864e-01	5.033766e-01	1.543672e+00	2.968190e+00	1.505796e+00	3.948596e-01	7.846844e-01	3.513325e-02
5.980000e+02	9.613377e-01	3.953726e-01	2.376856e-01	7.503539e-01	9.450621e-01	1.013977e-01	7.918801e-02	1.144159e+00	2.019234e-01	1.919742e+00	4.655150e+00	4.016591e-01	5.301713e-01	1.254356e-01	5.048144e-01	1.542224e+00	2.966721e+00	1.511766e+00	3.936245e-01	7.849832e-01	3.532059e-02
5.990000e+02	9.626268e-01	3.965375e-01	2.419008e-01	7.520769e-01	9.444742e-01	1.007454e-01	7.925808e-02	1.148471e+00	2.036600e-01	1.923167e+00	4.659558e+00	4.049298e-01	5.290943e-01	1.252305e-01	5.075567e-01	1.540263e+00	2.964297e+00	1.518452e+00	3.941200e-01	7.838002e-01	3.494322e-02
6.000000e+02	9.640299e-01	3.974947e-01	2.464553e-01	7.530294e-01	9.447130e-01	1.004371e-01	7.936462e-02	1.155359e+00	2.059934e-01	1.926299e+00	4.661165e+00	4.076390e-01	5.277678e-01	1.251207e-01	5.111862e-01	1.538472e+00	2.960830e+00	1.526793e+00	3.953107e-01	7.827211e-01	3.444896e-02
6.010000e+02	9.655364e-01	3.971976e-01	2.510637e-01	7.541886e-01	9.445209e-01	1.004118e-01	7.930446e-02	1.163763e+00	2.086298e-01	1.930384e+00	4.660885e+00	4.106526e-01	5.270019e-01	1.260744e-01	5.146908e-01	1.539726e+00	2.955012e+00	1.535326e+00	3.962619e-01	7.814263e-01	3.420566e-02
6.020000e+02	9.673216e-01	3.967910e-01	2.553524e-01	7.564821e-01	9.435889e-01	1.005435e-01	7.936662e-02	1.171535e+00	2.123386e-01	1.935192e+00	4.658332e+00	4.146816e-01	5.259655e-01	1.274389e-01	5.176424e-01	1.544066e+00	2.951572e+00	1.543657e+00	3.975921e-01	7.801942e-01	3.409942e-02
6.030000e+02	9.695798e-01	3.963896e-01	2.606892e-01	7.603563e-01	9.435825e-01	1.010681e-01	7.984149e-02	1.179100e+00	2.158033e-01	1.940566e+00	4.655575e+00	4.181192e-01	5.255059e-01	1.289391e-01	5.203590e-01	1.548285e+00	2.954984e+00	1.550288e+00	3.992339e-01	7.789488e-01	3.396208e-02
6.040000e+02	9.717773e-01	3.958641e-01	2.666183e-01	7.651754e-01	9.432718e-01	1.017438e-01	8.090642e-02	1.185563e+00	2.184766e-01	1.946546e+00	4.652125e+00	4.204811e-01	5.257861e-01	1.301444e-01	5.238326e-01	1.552648e+00	2.960650e+00	1.555429e+00	4.010738e-01	7.754631e-01	3.374800e-02
6.050000e+02	9.740172e-01	3.960353e-01	2.718481e-01	7.714633e-01	9.428221e-01	1.019980e-01	8.190828e-02	1.191754e+00	2.208579e-01	1.952401e+00	4.650572e+00	4.220264e-01	5.274891e-01	1.308865e-01	5.287907e-01	1.557956e+00	2.965123e+00	1.560538e+00	4.025694e-01	7.697475e-01	3.355733e-02
6.060000e+02	9.765232e-01	3.977142e-01	2.764848e-01	7.785588e-01	9.437630e-01	1.019564e-01	8.285234e-02	1.198251e+00	2.230883e-01	1.957428e+00	4.650668e+00	4.248976e-01	5.294320e-01	1.310811e-01	5.350332e-01	1.563600e+00	2.970001e+00	1.566142e+00	4.027527e-01	7.636042e-01	3.315408e-02
6.070000e+02	9.795767e-01	3.996742e-01	2.805816e-01	7.848255e-01	9.443702e-01	1.024177e-01	8.447810e-02	1.202134e+00	2.258304e-01	1.964242e+00	4.654093e+00	4.294381e-01	5.312418e-01	1.307965e-01	5.421375e-01	1.573629e+00	2.977052e+00	1.573013e+00	4.006583e-01	7.583984e-01	3.252083e-02
6.080000e+02	9.828360e-01	4.020054e-01	2.846945e-01	7.892245e-01	9.447564e-01	1.031450e-01	8.658343e-02	1.204899e+00	2.290144e-01	1.971179e+00	4.662245e+00	4.345552e-01	5.345418e-01	1.300812e-01	5.492954e-01	1.582399e+00	2.983056e+00	1.579872e+00	3.983285e-01	7.550181e-01	3.182726e-02
6.090000e+02	9.861693e-01	4.048182e-01	2.883712e-01	7.915583e-01	9.455682e-01	1.038694e-01	8.867655e-02	1.209712e+00	2.319518e-01	1.975654e+00	4.673302e+00	4.405991e-01	5.399499e-01	1.286370e-01	5.565467e-01	1.587826e+00	2.987771e+00	1.585091e+00	3.990226e-01	7.533457e-01	3.111486e-02
6.100000e+02	9.896926e-01	4.072062e-01	2.910357e-01	7.921998e-01	9.461675e-01	1.046774e-01	9.055025e-02	1.215554e+00	2.348079e-01	1.982138e+00	4.687650e+00	4.451649e-01	5.468523e-01	1.267685e-01	5.655825e-01	1.592013e+00	2.994294e+00	1.589014e+00	4.010124e-01	7.506444e-01	3.052040e-02
6.110000e+02	9.934168e-01	4.096468e-01	2.942635e-01	7.921018e-01	9.478808e-01	1.060770e-01	9.162139e-02	1.222282e+00	2.374524e-01	1.992975e+00	4.704867e+00	4.477672e-01	5.534525e-01	1.253637e-01	5.752373e-01	1.592662e+00	3.002818e+00	1.592823e+00	4.020142e-01	7.468370e-01	3.019439e-02
6.120000e+02	9.970378e-01	4.117656e-01	2.978266e-01	7.919330e-01	9.482336e-01	1.079229e-01	9.196593e-02	1.230367e+00	2.398872e-01	2.003187e+00	4.722128e+00	4.512350e-01	5.601513e-01	1.248666e-01	5.833712e-01	1.590987e+00	3.012659e+00	1.596756e+00	4.021954e-01	7.433343e-01	2.998259e-02
6.130000e+02	1.000675e+00	4.128902e-01	3.012048e-01	7.933787e-01	9.473184e-01	1.093557e-01	9.270884e-02	1.238928e+00	2.421774e-01	2.011255e+00	4.737692e+00	4.556738e-01	5.676065e-01	1.247273e-01	5.902673e-01	1.590048e+00	3.023856e+00	1.601432e+00	4.026869e-01	7.407416e-01	2.954808e-02
6.140000e+02	1.003936e+00	4.127423e-01	3.045596e-01	7.959517e-01	9.467637e-01	1.104530e-01	9.398799e-02	1.246709e+00	2.438733e-01	2.019175e+00	4.748287e+00	4.597316e-01	5.740955e-01	1.248188e-01	5.947621e-01	1.590929e+00	3.033829e+00	1.606581e+00	4.040575e-01	7.384019e-01	2.901407e-02
6.150000e+02	1.006395e+00	4.123754e-01	3.075514e-01	7.977190e-01	9.446605e-01	1.109333e-01	9.554772e-02	1.254013e+00	2.453117e-01	2.027660e+00	4.754956e+00	4.627968e-01	5.797995e-01	1.247514e-01	5.972536e-01	1.591785e+00	3.038872e+00	1.613341e+00	4.061267e-01	7.342956e-01	2.815434e-02
6.160000e+02	1.008716e+00	4.127249e-01	3.099866e-01	7.982044e-01	9.415575e-01	1.107913e-01	9.708728e-02	1.261637e+00	2.466968e-01	2.035419e+00	4.761050e+00	4.648190e-01	5.862340e-01	1.242411e-01	5.990748e-01	1.593399e+00	3.042901e+00	1.623223e+00	4.085507e-01	7.297272e-01	2.700285e-02
6.170000e+02	1.010721e+00	4.132668e-01	3.135478e-01	7.976557e-01	9.391592e-01	1.104332e-01	9.816654e-02	1.269378e+00	2.471469e-01	2.041994e+00	4.763173e+00	4.669721e-01	5.926601e-01	1.233345e-01	5.997348e-01	1.596036e+00	3.047274e+00	1.632512e+00	4.107270e-01	7.255448e-01	2.569919e-02
6.180000e+02	1.012152e+00	4.128195e-01	3.173813e-01	7.966546e-01	9.377962e-01	1.103475e-01	9.850252e-02	1.277066e+00	2.473647e-01	2.049613e+00	4.760229e+00	4.687621e-01	5.980121e-01	1.223684e-01	6.010101e-01	1.597447e+00	3.049880e+00	1.638991e+00	4.126311e-01	7.218336e-01	2.432375e-02
6.190000e+02	1.013205e+00	4.112814e-01	3.208954e-01	7.961738e-01	9.375000e-01	1.107311e-01	9.890093e-02	1.282353e+00	2.483039e-01	2.059674e+00	4.752970e+00	4.698659e-01	6.028699e-01	1.215987e-01	6.032005e-01	1.598648e+00	3.051777e+00	1.642437e+00	4.137911e-01	7.180506e-01	2.308005e-02
6.200000e+02	1.014671e+00	4.107645e-01	3.238647e-01	7.976142e-01	9.386870e-01	1.114899e-01	1.000924e-01	1.285410e+00	2.494604e-01	2.071763e+00	4.746485e+00	4.714876e-01	6.088602e-01	1.205380e-01	6.038384e-01	1.602926e+00	3.053267e+00	1.645131e+00	4.151088e-01	7.143315e-01	2.230031e-02
6.210000e+02	1.016677e+00	4.119674e-01	3.254106e-01	8.003618e-01	9.410622e-01	1.120621e-01	1.016375e-01	1.286691e+00	2.513768e-01	2.084450e+00	4.746697e+00	4.724238e-01	6.156402e-01	1.193322e-01	6.027891e-01	1.608422e+00	3.054995e+00	1.647122e+00	4.169194e-01	7.124210e-01	2.175892e-02
6.220000e+02	1.018368e+00	4.127515e-01	3.262678e-01	8.039704e-01	9.425233e-01	1.118776e-01	1.029163e-01	1.285540e+00	2.540096e-01	2.093414e+00	4.750400e+00	4.720867e-01	6.221821e-01	1.183355e-01	6.013106e-01	1.612391e+00	3.057887e+00	1.649330e+00	4.181062e-01	7.108367e-01	2.121628e-02
6.230000e+02	1.019212e+00	4.135268e-01	3.260132e-01	8.080837e-01	9.410865e-01	1.112862e-01	1.033219e-01	1.282626e+00	2.565722e-01	2.097260e+00	4.754560e+00	4.712378e-01	6.273775e-01	1.175610e-01	6.003869e-01	1.613477e+00	3.059836e+00	1.652699e+00	4.183396e-01	7.084186e-01	2.057391e-02
6.240000e+02	1.019679e+00	4.158049e-01	3.250887e-01	8.131770e-01	9.379246e-01	1.104263e-01	1.028137e-01	1.278665e+00	2.593737e-01	2.101526e+00	4.759778e+00	4.696743e-01	6.304594e-01	1.165894e-01	5.987997e-01	1.612806e+00	3.062814e+00	1.655425e+00	4.171108e-01	7.055530e-01	1.976150e-02
6.250000e+02	1.020442e+00	4.183799e-01	3.244704e-01	8.183169e-01	9.346546e-01	1.094074e-01	1.018827e-01	1.276895e+00	2.618020e-01	2.107170e+00	4.763288e+00	4.674507e-01	6.322878e-01	1.152766e-01	5.976249e-01	1.611985e+00	3.070505e+00	1.660563e+00	4.155522e-01	7.024032e-01	1.892234e-02
6.260000e+02	1.021688e+00	4.207980e-01	3.244703e-01	8.232201e-01	9.328450e-01	1.088970e-01	1.008225e-01	1.277480e+00	2.647643e-01	2.111973e+00	4.766761e+00	4.653673e-01	6.332219e-01	1.139644e-01	5.973610e-01	1.611775e+00	3.079377e+00	1.669088e+00	4.143095e-01	6.991367e-01	1.813385e-02
6.270000e+02	1.023038e+00	4.244369e-01	3.243831e-01	8.269832e-01	9.312463e-01	1.091133e-01	9.958275e-02	1.278219e+00	2.688821e-01	2.116526e+00	4.768953e+00	4.652595e-01	6.338664e-01	1.131018e-01	5.967260e-01	1.612567e+00	3.084520e+00	1.678888e+00	4.143509e-01	6.955849e-01	1.757555e-02
6.280000e+02	1.024392e+00	4.278890e-01	3.252931e-01	8.291099e-01	9.270974e-01	1.091456e-01	9.841070e-02	1.281749e+00	2.723668e-01	2.120395e+00	4.769529e+00	4.668931e-01	6.337360e-01	1.123745e-01	5.962259e-01	1.613854e+00	3.089236e+00	1.689055e+00	4.165397e-01	6.916832e-01	1.725288e-02
6.290000e+02	1.025968e+00	4.299744e-01	3.280463e-01	8.303393e-01	9.216377e-01	1.088130e-01	9.736502e-02	1.286772e+00	2.748340e-01	2.123905e+00	4.772848e+00	4.680768e-01	6.325148e-01	1.117795e-01	5.959305e-01	1.615899e+00	3.096883e+00	1.701279e+00	4.194311e-01	6.860653e-01	1.696978e-02
6.300000e+02	1.027947e+00	4.319772e-01	3.310550e-01	8.306545e-01	9.173557e-01	1.084947e-01	9.643016e-02	1.290745e+00	2.773315e-01	2.129253e+00	4.779426e+00	4.687516e-01	6.316280e-01	1.115280e-01	5.971593e-01	1.618900e+00	3.105438e+00	1.714040e+00	4.226204e-01	6.795670e-01	1.658411e-02
6.310000e+02	1.030623e+00	4.339131e-01	3.335846e-01	8.313405e-01	9.160164e-01	1.079742e-01	9.569883e-02	1.293877e+00	2.802264e-01	2.135601e+00	4.787906e+00	4.684887e-01	6.306193e-01	1.115574e-01	6.002577e-01	1.624440e+00	3.116080e+00	1.727157e+00	4.265949e-01	6.751156e-01	1.600410e-02
6.320000e+02	1.033551e+00	4.351971e-01	3.349698e-01	8.342929e-01	9.176759e-01	1.074408e-01	9.512245e-02	1.294275e+00	2.822467e-01	2.139725e+00	4.798155e+00	4.681865e-01	6.298359e-01	1.119021e-01	6.035114e-01	1.629718e+00	3.129179e+00	1.741205e+00	4.306649e-01	6.722861e-01	1.543616e-02
6.330000e+02	1.036381e+00	4.355579e-01	3.356904e-01	8.379830e-01	9.197904e-01	1.074242e-01	9.440227e-02	1.294018e+00	2.839691e-01	2.142372e+00	4.811978e+00	4.697789e-01	6.295031e-01	1.117130e-01	6.059906e-01	1.632865e+00	3.143307e+00	1.753937e+00	4.332362e-01	6.690438e-01	1.505254e-02
6.340000e+02	1.039299e+00	4.356615e-01	3.365148e-01	8.410033e-01	9.210453e-01	1.077893e-01	9.313942e-02	1.295861e+00	2.856294e-01	2.146998e+00	4.824486e+00	4.723256e-01	6.291101e-01	1.113676e-01	6.081925e-01	1.635442e+00	3.159658e+00	1.765684e+00	4.352976e-01	6.658714e-01	1.489280e-02
6.350000e+02	1.042140e+00	4.356508e-01	3.371820e-01	8.442465e-01	9.214498e-01	1.081484e-01	9.168877e-02	1.300362e+00	2.864932e-01	2.151992e+00	4.830394e+00	4.746163e-01	6.292411e-01	1.113646e-01	6.109552e-01	1.636655e+00	3.176961e+00	1.780147e+00	4.370228e-01	6.634585e-01	1.476660e-02
6.360000e+02	1.045145e+00	4.353385e-01	3.379873e-01	8.476896e-01	9.227571e-01	1.085399e-01	9.075357e-02	1.306645e+00	2.865010e-01	2.153467e+00	4.834672e+00	4.777252e-01	6.309930e-01	1.110029e-01	6.140015e-01	1.640352e+00	3.194299e+00	1.798470e+00	4.372185e-01	6.599277e-01	1.455377e-02
6.370000e+02	1.048277e+00	4.347652e-01	3.392778e-01	8.504930e-01	9.256641e-01	1.082166e-01	9.103318e-02	1.311041e+00	2.860584e-01	2.155996e+00	4.842550e+00	4.807580e-01	6.336694e-01	1.106985e-01	6.173420e-01	1.647565e+00	3.209107e+00	1.815129e+00	4.377808e-01	6.540768e-01	1.431405e-02
6.380000e+02	1.051050e+00	4.337322e-01	3.406769e-01	8.540473e-01	9.280977e-01	1.066611e-01	9.221505e-02	1.313737e+00	2.849177e-01	2.163465e+00	4.849682e+00	4.828043e-01	6.359366e-01	1.100956e-01	6.214928e-01	1.654406e+00	3.221886e+00	1.827137e+00	4.387466e-01	6.470557e-01	1.421730e-02
6.390000e+02	1.053284e+00	4.327217e-01	3.423702e-01	8.585947e-01	9.299282e-01	1.053706e-01	9.343559e-02	1.314327e+00	2.830392e-01	2.171675e+00	4.851807e+00	4.849069e-01	6.376357e-01	1.089644e-01	6.257727e-01	1.659115e+00	3.235313e+00	1.838240e+00	4.385098e-01	6.394802e-01	1.446512e-02
6.400000e+02	1.055170e+00	4.320020e-01	3.447819e-01	8.625658e-01	9.319490e-01	1.045914e-01	9.447687e-02	1.314355e+00	2.814284e-01	2.178105e+00	4.852626e+00	4.858396e-01	6.377213e-01	1.075812e-01	6.300612e-01	1.662033e+00	3.247517e+00	1.850747e+00	4.381377e-01	6.320792e-01	1.480226e-02
6.410000e+02	1.056827e+00	4.311950e-01	3.477188e-01	8.669169e-01	9.341513e-01	1.036233e-01	9.516972e-02	1.316887e+00	2.796825e-01	2.183017e+00	4.850786e+00	4.862083e-01	6.359083e-01	1.062998e-01	6.332033e-01	1.664510e+00	3.259661e+00	1.864626e+00	4.373218e-01	6.245627e-01	1.508445e-02
6.420000e+02	1.058083e+00	4.310210e-01	3.512934e-01	8.718224e-01	9.361811e-01	1.027733e-01	9.525198e-02	1.318520e+00	2.777472e-01	2.186213e+00	4.846092e+00	4.873676e-01	6.333068e-01	1.059531e-01	6.334800e-01	1.666098e+00	3.271625e+00	1.878659e+00	4.363340e-01	6.164641e-01	1.546346e-02
6.430000e+02	1.059673e+00	4.325953e-01	3.552708e-01	8.763529e-01	9.375657e-01	1.017833e-01	9.492534e-02	1.318926e+00	2.771982e-01	2.189499e+00	4.842212e+00	4.898798e-01	6.294534e-01	1.060172e-01	6.333560e-01	1.669312e+00	3.282906e+00	1.893747e+00	4.375726e-01	6.088833e-01	1.600916e-02
6.440000e+02	1.062000e+00	4.347127e-01	3.589106e-01	8.808034e-01	9.390248e-01	1.007156e-01	9.500346e-02	1.320420e+00	2.776913e-01	2.194548e+00	4.841478e+00	4.926549e-01	6.253739e-01	1.059348e-01	6.350061e-01	1.673691e+00	3.293377e+00	1.911637e+00	4.399484e-01	6.025581e-01	1.651382e-02
6.450000e+02	1.064056e+00	4.353843e-01	3.617798e-01	8.843511e-01	9.392393e-01	9.936263e-02	9.563288e-02	1.322275e+00	2.783929e-01	2.201019e+00	4.843396e+00	4.938680e-01	6.227196e-01	1.059639e-01	6.357268e-01	1.677372e+00	3.299555e+00	1.930586e+00	4.417351e-01	5.959860e-01	1.677024e-02
6.460000e+02	1.065464e+00	4.346016e-01	3.651910e-01	8.872729e-01	9.370383e-01	9.733156e-02	9.643650e-02	1.322954e+00	2.787511e-01	2.208305e+00	4.845880e+00	4.937350e-01	6.204887e-01	1.061999e-01	6.337906e-01	1.682638e+00	3.302292e+00	1.948211e+00	4.424859e-01	5.886813e-01	1.698879e-02
6.470000e+02	1.066836e+00	4.336358e-01	3.690977e-01	8.875225e-01	9.348279e-01	9.568152e-02	9.744788e-02	1.324074e+00	2.783851e-01	2.216980e+00	4.851079e+00	4.931127e-01	6.176914e-01	1.062435e-01	6.312614e-01	1.690201e+00	3.303819e+00	1.964028e+00	4.422165e-01	5.819691e-01	1.745060e-02
6.480000e+02	1.068219e+00	4.333132e-01	3.714494e-01	8.852880e-01	9.323410e-01	9.502614e-02	9.843685e-02	1.326181e+00	2.775447e-01	2.226294e+00	4.856272e+00	4.931602e-01	6.149138e-01	1.061762e-01	6.282790e-01	1.699044e+00	3.304791e+00	1.979471e+00	4.419444e-01	5.763124e-01	1.813267e-02
6.490000e+02	1.069633e+00	4.350677e-01	3.736726e-01	8.835218e-01	9.301292e-01	9.517903e-02	9.883736e-02	1.328313e+00	2.760368e-01	2.234227e+00	4.860727e+00	4.934379e-01	6.122580e-01	1.061436e-01	6.262542e-01	1.706804e+00	3.307861e+00	1.994028e+00	4.418440e-01	5.692509e-01	1.906124e-02
6.500000e+02	1.071322e+00	4.385860e-01	3.768788e-01	8.815256e-01	9.285886e-01	9.546919e-02	9.854766e-02	1.329348e+00	2.746334e-01	2.242952e+00	4.867354e+00	4.936640e-01	6.095863e-01	1.063850e-01	6.256527e-01	1.714000e+00	3.313707e+00	2.006596e+00	4.413116e-01	5.617865e-01	1.986191e-02
6.510000e+02	1.072844e+00	4.417348e-01	3.796969e-01	8.780209e-01	9.290428e-01	9.552559e-02	9.799604e-02	1.328599e+00	2.743171e-01	2.252168e+00	4.869756e+00	4.946041e-01	6.060159e-01	1.066164e-01	6.240119e-01	1.722479e+00	3.318249e+00	2.021281e+00	4.399103e-01	5.561789e-01	2.066739e-02
6.520000e+02	1.074098e+00	4.445512e-01	3.821568e-01	8.738012e-01	9.327440e-01	9.554983e-02	9.739098e-02	1.327290e+00	2.740506e-01	2.260025e+00	4.868592e+00	4.966294e-01	6.009216e-01	1.074821e-01	6.216270e-01	1.730636e+00	3.318107e+00	2.038825e+00	4.384130e-01	5.514843e-01	2.168997e-02
6.530000e+02	1.075322e+00	4.480149e-01	3.850809e-01	8.695897e-01	9.369015e-01	9.554996e-02	9.653324e-02	1.327271e+00	2.733117e-01	2.268335e+00	4.867054e+00	4.992372e-01	5.954157e-01	1.088373e-01	6.187083e-01	1.736142e+00	3.316569e+00	2.055339e+00	4.378924e-01	5.478824e-01	2.277677e-02
6.540000e+02	1.076995e+00	4.509499e-01	3.887072e-01	8.661013e-01	9.405806e-01	9.615974e-02	9.498066e-02	1.328480e+00	2.729645e-01	2.275709e+00	4.868870e+00	5.018190e-01	5.921684e-01	1.097467e-01	6.158730e-01	1.741058e+00	3.317140e+00	2.072394e+00	4.370556e-01	5.451435e-01	2.399804e-02
6.550000e+02	1.079102e+00	4.542607e-01	3.923610e-01	8.641241e-01	9.435647e-01	9.716805e-02	9.276724e-02	1.328543e+00	2.732099e-01	2.281036e+00	4.877836e+00	5.034249e-01	5.901980e-01	1.108236e-01	6.144661e-01	1.746904e+00	3.317847e+00	2.090553e+00	4.354494e-01	5.421820e-01	2.531747e-02
6.560000e+02	1.081270e+00	4.582863e-01	3.961251e-01	8.637342e-01	9.449347e-01	9.779133e-02	9.079591e-02	1.325509e+00	2.738172e-01	2.285757e+00	4.888502e+00	5.038073e-01	5.868662e-01	1.117792e-01	6.157859e-01	1.755297e+00	3.320516e+00	2.108125e+00	4.334835e-01	5.380811e-01	2.640709e-02
6.570000e+02	1.083605e+00	4.619808e-01	3.998291e-01	8.654594e-01	9.454017e-01	9.788715e-02	8.880029e-02	1.320994e+00	2.742902e-01	2.290734e+00	4.898429e+00	5.034675e-01	5.820641e-01	1.123027e-01	6.194756e-01	1.768665e+00	3.326474e+00	2.124851e+00	4.302960e-01	5.334600e-01	2.724073e-02
6.580000e+02	1.086247e+00	4.661188e-01	4.035521e-01	8.677990e-01	9.454579e-01	9.796437e-02	8.733890e-02	1.317978e+00	2.735289e-01	2.296931e+00	4.907011e+00	5.041386e-01	5.771738e-01	1.125427e-01	6.234156e-01	1.784405e+00	3.334605e+00	2.139687e+00	4.279168e-01	5.288637e-01	2.850718e-02
6.590000e+02	1.088901e+00	4.697697e-01	4.073285e-01	8.692682e-01	9.454946e-01	9.804906e-02	8.658450e-02	1.316692e+00	2.715598e-01	2.302992e+00	4.913063e+00	5.062211e-01	5.730414e-01	1.122255e-01	6.261667e-01	1.799091e+00	3.346638e+00	2.152198e+00	4.271127e-01	5.244141e-01	3.011064e-02
6.600000e+02	1.091215e+00	4.724823e-01	4.119638e-01	8.700498e-01	9.437400e-01	9.776546e-02	8.579660e-02	1.316501e+00	2.700705e-01	2.305268e+00	4.917642e+00	5.082100e-01	5.681124e-01	1.115808e-01	6.275356e-01	1.810334e+00	3.363523e+00	2.165395e+00	4.259918e-01	5.208666e-01	3.146743e-02
6.610000e+02	1.093191e+00	4.751289e-01	4.173468e-01	8.698855e-01	9.389710e-01	9.700305e-02	8.489008e-02	1.316169e+00	2.690131e-01	2.307334e+00	4.921609e+00	5.094237e-01	5.622795e-01	1.110675e-01	6.281279e-01	1.818133e+00	3.384015e+00	2.180188e+00	4.231254e-01	5.176934e-01	3.241369e-02
6.620000e+02	1.095312e+00	4.791694e-01	4.237420e-01	8.708093e-01	9.317894e-01	9.581908e-02	8.431464e-02	1.315351e+00	2.682716e-01	2.311562e+00	4.928823e+00	5.102032e-01	5.568611e-01	1.109734e-01	6.282421e-01	1.825152e+00	3.404472e+00	2.193872e+00	4.191161e-01	5.143371e-01	3.336630e-02
6.630000e+02	1.097751e+00	4.841284e-01	4.313773e-01	8.714116e-01	9.232542e-01	9.433286e-02	8.433489e-02	1.314944e+00	2.683154e-01	2.316824e+00	4.940399e+00	5.121675e-01	5.524893e-01	1.114207e-01	6.277622e-01	1.833529e+00	3.421391e+00	2.205979e+00	4.152971e-01	5.115112e-01	3.414421e-02
6.640000e+02	1.100033e+00	4.885938e-01	4.391580e-01	8.714648e-01	9.160581e-01	9.291505e-02	8.423443e-02	1.313069e+00	2.687231e-01	2.323696e+00	4.950207e+00	5.148122e-01	5.495427e-01	1.114656e-01	6.254155e-01	1.843617e+00	3.432754e+00	2.218709e+00	4.120179e-01	5.097791e-01	3.442759e-02
6.650000e+02	1.102283e+00	4.916862e-01	4.460265e-01	8.726536e-01	9.103836e-01	9.171505e-02	8.349421e-02	1.311661e+00	2.696431e-01	2.331658e+00	4.955979e+00	5.168346e-01	5.476610e-01	1.112957e-01	6.211965e-01	1.855312e+00	3.442919e+00	2.233501e+00	4.093226e-01	5.077932e-01	3.492757e-02
6.660000e+02	1.104858e+00	4.934057e-01	4.514807e-01	8.744941e-01	9.062281e-01	9.059367e-02	8.245155e-02	1.311633e+00	2.709319e-01	2.340544e+00	4.960607e+00	5.177687e-01	5.461012e-01	1.114726e-01	6.177195e-01	1.867470e+00	3.453844e+00	2.252549e+00	4.073980e-01	5.047560e-01	3.570866e-02
6.670000e+02	1.107678e+00	4.939656e-01	4.562468e-01	8.766883e-01	9.032723e-01	8.946988e-02	8.177665e-02	1.310818e+00	2.723731e-01	2.350580e+00	4.966769e+00	5.188488e-01	5.448635e-01	1.114618e-01	6.153309e-01	1.880104e+00	3.464547e+00	2.273451e+00	4.050090e-01	5.015057e-01	3.648713e-02
6.680000e+02	1.110152e+00	4.935906e-01	4.604139e-01	8.776711e-01	9.017946e-01	8.845799e-02	8.144642e-02	1.310034e+00	2.737084e-01	2.361401e+00	4.974663e+00	5.205051e-01	5.418557e-01	1.106679e-01	6.124715e-01	1.893504e+00	3.475068e+00	2.289952e+00	4.010322e-01	4.975434e-01	3.725117e-02
6.690000e+02	1.112475e+00	4.933064e-01	4.647897e-01	8.781870e-01	9.034430e-01	8.768015e-02	8.102935e-02	1.308419e+00	2.745318e-01	2.369380e+00	4.983616e+00	5.227354e-01	5.370676e-01	1.101280e-01	6.101802e-01	1.905857e+00	3.487628e+00	2.303901e+00	3.963881e-01	4.930873e-01	3.815105e-02
6.700000e+02	1.115014e+00	4.925796e-01	4.697244e-01	8.791913e-01	9.065533e-01	8.719110e-02	8.010008e-02	1.306597e+00	2.752625e-01	2.375381e+00	4.994666e+00	5.246170e-01	5.324740e-01	1.102092e-01	6.085163e-01	1.916000e+00	3.501448e+00	2.317637e+00	3.932768e-01	4.896560e-01	3.920347e-02
6.710000e+02	1.117443e+00	4.926917e-01	4.745274e-01	8.788858e-01	9.101547e-01	8.719471e-02	7.833026e-02	1.304865e+00	2.761712e-01	2.383477e+00	5.002698e+00	5.252019e-01	5.291833e-01	1.100375e-01	6.067614e-01	1.922802e+00	3.514882e+00	2.332185e+00	3.918607e-01	4.868976e-01	4.005424e-02
6.720000e+02	1.119267e+00	4.951971e-01	4.780108e-01	8.781490e-01	9.137549e-01	8.744624e-02	7.620142e-02	1.302808e+00	2.767602e-01	2.392907e+00	5.004618e+00	5.264885e-01	5.271658e-01	1.092762e-01	6.054277e-01	1.925843e+00	3.524739e+00	2.345049e+00	3.911630e-01	4.836402e-01	4.070493e-02
6.730000e+02	1.120370e+00	4.991105e-01	4.811363e-01	8.782022e-01	9.154641e-01	8.777355e-02	7.455239e-02	1.299970e+00	2.769291e-01	2.400329e+00	5.007034e+00	5.282909e-01	5.259043e-01	1.077995e-01	6.031340e-01	1.926564e+00	3.529986e+00	2.353548e+00	3.905512e-01	4.799068e-01	4.121699e-02
6.740000e+02	1.121291e+00	5.034691e-01	4.842624e-01	8.782335e-01	9.149831e-01	8.814049e-02	7.321109e-02	1.296407e+00	2.771323e-01	2.405318e+00	5.012645e+00	5.300167e-01	5.240171e-01	1.059155e-01	5.998827e-01	1.928813e+00	3.537161e+00	2.360270e+00	3.884171e-01	4.757541e-01	4.176554e-02
6.750000e+02	1.123135e+00	5.089846e-01	4.867267e-01	8.784862e-01	9.163194e-01	8.830103e-02	7.175691e-02	1.294235e+00	2.787887e-01	2.410500e+00	5.022758e+00	5.323341e-01	5.214697e-01	1.046817e-01	5.974968e-01	1.933801e+00	3.546370e+00	2.368522e+00	3.865150e-01	4.723122e-01	4.234061e-02
6.760000e+02	1.125926e+00	5.157361e-01	4.894417e-01	8.789762e-01	9.202140e-01	8.838330e-02	7.023727e-02	1.294093e+00	2.814901e-01	2.416155e+00	5.035962e+00	5.352960e-01	5.200856e-01	1.044502e-01	5.964580e-01	1.940014e+00	3.556022e+00	2.376960e+00	3.851481e-01	4.703970e-01	4.299572e-02
6.770000e+02	1.128887e+00	5.232022e-01	4.920590e-01	8.786609e-01	9.247582e-01	8.852637e-02	6.906431e-02	1.296582e+00	2.848091e-01	2.419757e+00	5.047870e+00	5.384618e-01	5.201015e-01	1.046460e-01	5.960257e-01	1.945887e+00	3.567345e+00	2.384424e+00	3.829423e-01	4.687038e-01	4.391921e-02
6.780000e+02	1.131581e+00	5.304214e-01	4.949863e-01	8.783122e-01	9.292056e-01	8.904800e-02	6.865922e-02	1.301933e+00	2.881648e-01	2.421177e+00	5.057824e+00	5.416584e-01	5.199362e-01	1.049015e-01	5.950112e-01	1.952305e+00	3.575938e+00	2.390586e+00	3.803412e-01	4.664316e-01	4.478781e-02
6.790000e+02	1.133932e+00	5.378943e-01	4.983826e-01	8.792934e-01	9.336311e-01	9.007973e-02	6.831328e-02	1.306773e+00	2.902956e-01	2.423201e+00	5.065672e+00	5.451777e-01	5.190225e-01	1.042385e-01	5.949943e-01	1.958158e+00	3.580611e+00	2.395780e+00	3.778393e-01	4.637339e-01	4.554099e-02
6.800000e+02	1.136357e+00	5.452865e-01	5.030294e-01	8.793887e-01	9.373367e-01	9.120256e-02	6.787901e-02	1.311911e+00	2.918901e-01	2.426217e+00	5.073166e+00	5.479626e-01	5.171449e-01	1.027201e-01	5.966220e-01	1.963260e+00	3.586073e+00	2.403870e+00	3.747052e-01	4.611379e-01	4.634414e-02
6.810000e+02	1.138669e+00	5.523262e-01	5.100529e-01	8.779697e-01	9.390233e-01	9.209765e-02	6.736435e-02	1.318210e+00	2.929830e-01	2.430289e+00	5.080480e+00	5.489822e-01	5.155801e-01	1.015068e-01	5.984526e-01	1.967365e+00	3.591834e+00	2.412470e+00	3.703555e-01	4.587507e-01	4.728461e-02
6.820000e+02	1.140759e+00	5.590435e-01	5.177525e-01	8.772997e-01	9.393287e-01	9.288236e-02	6.652697e-02	1.324687e+00	2.933314e-01	2.434641e+00	5.088965e+00	5.495915e-01	5.145483e-01	1.011648e-01	5.996598e-01	1.968160e+00	3.599120e+00	2.418333e+00	3.655190e-01	4.558051e-01	4.883099e-02
6.830000e+02	1.142689e+00	5.649714e-01	5.248571e-01	8.757859e-01	9.393967e-01	9.412496e-02	6.613156e-02	1.330240e+00	2.940713e-01	2.438736e+00	5.098193e+00	5.509840e-01	5.140069e-01	1.012869e-01	5.986168e-01	1.968428e+00	3.609059e+00	2.419939e+00	3.600286e-01	4.537080e-01	5.121287e-02
6.840000e+02	1.144575e+00	5.695857e-01	5.321403e-01	8.723671e-01	9.401546e-01	9.563204e-02	6.627057e-02	1.334702e+00	2.964549e-01	2.442055e+00	5.106099e+00	5.530783e-01	5.147876e-01	1.011228e-01	5.952774e-01	1.971052e+00	3.620181e+00	2.419755e+00	3.541085e-01	4.529655e-01	5.370136e-02
6.850000e+02	1.146359e+00	5.738191e-01	5.396633e-01	8.687228e-01	9.397543e-01	9.720885e-02	6.614074e-02	1.339823e+00	3.004921e-01	2.441321e+00	5.112679e+00	5.561504e-01	5.167799e-01	1.008482e-01	5.912645e-01	1.973877e+00	3.630871e+00	2.420101e+00	3.491489e-01	4.527497e-01	5.575696e-02
6.860000e+02	1.148110e+00	5.787424e-01	5.470938e-01	8.667627e-01	9.376534e-01	9.906217e-02	6.576402e-02	1.345853e+00	3.043460e-01	2.438887e+00	5.117268e+00	5.605177e-01	5.193455e-01	1.007853e-01	5.863128e-01	1.973894e+00	3.644853e+00	2.420092e+00	3.450543e-01	4.522756e-01	5.763242e-02
6.870000e+02	1.150271e+00	5.830036e-01	5.546801e-01	8.669127e-01	9.357043e-01	1.003587e-01	6.586867e-02	1.354099e+00	3.082888e-01	2.437775e+00	5.122531e+00	5.647907e-01	5.217650e-01	1.005204e-01	5.802718e-01	1.973462e+00	3.662253e+00	2.420278e+00	3.417852e-01	4.514494e-01	5.961760e-02
6.880000e+02	1.152634e+00	5.857645e-01	5.625395e-01	8.680731e-01	9.346311e-01	1.011880e-01	6.608911e-02	1.363722e+00	3.135314e-01	2.437365e+00	5.129574e+00	5.679431e-01	5.237564e-01	1.001684e-01	5.748789e-01	1.974301e+00	3.677892e+00	2.419888e+00	3.388177e-01	4.511297e-01	6.143061e-02
6.890000e+02	1.155210e+00	5.870898e-01	5.710330e-01	8.717496e-01	9.351564e-01	1.017846e-01	6.603591e-02	1.370865e+00	3.195617e-01	2.438325e+00	5.138936e+00	5.693744e-01	5.248751e-01	1.005066e-01	5.711187e-01	1.978099e+00	3.691619e+00	2.417817e+00	3.359519e-01	4.511001e-01	6.321084e-02
6.900000e+02	1.158080e+00	5.887940e-01	5.798812e-01	8.771332e-01	9.373885e-01	1.018924e-01	6.593201e-02	1.374540e+00	3.248898e-01	2.440221e+00	5.153311e+00	5.691772e-01	5.262302e-01	1.014304e-01	5.680172e-01	1.983983e+00	3.703828e+00	2.416224e+00	3.332492e-01	4.503531e-01	6.512862e-02
6.910000e+02	1.160972e+00	5.925218e-01	5.885155e-01	8.808575e-01	9.413038e-01	1.020009e-01	6.584236e-02	1.377367e+00	3.287185e-01	2.442978e+00	5.168967e+00	5.680688e-01	5.287432e-01	1.024337e-01	5.643943e-01	1.988697e+00	3.717714e+00	2.414460e+00	3.299197e-01	4.489880e-01	6.694900e-02
6.920000e+02	1.163768e+00	5.973509e-01	5.954338e-01	8.818433e-01	9.465156e-01	1.019185e-01	6.592611e-02	1.381703e+00	3.317840e-01	2.444088e+00	5.183986e+00	5.674622e-01	5.319558e-01	1.035275e-01	5.596466e-01	1.993028e+00	3.734282e+00	2.411495e+00	3.264200e-01	4.479343e-01	6.906211e-02
6.930000e+02	1.166725e+00	6.028691e-01	6.008234e-01	8.811031e-01	9.519877e-01	1.018346e-01	6.615611e-02	1.386960e+00	3.347784e-01	2.443618e+00	5.201198e+00	5.681456e-01	5.357419e-01	1.048409e-01	5.548412e-01	1.995982e+00	3.752593e+00	2.411573e+00	3.217239e-01	4.464096e-01	7.132832e-02
6.940000e+02	1.169842e+00	6.090052e-01	6.065641e-01	8.797116e-01	9.568070e-01	1.022471e-01	6.613483e-02	1.392262e+00	3.381442e-01	2.445516e+00	5.216367e+00	5.694752e-01	5.393729e-01	1.061534e-01	5.503794e-01	1.996709e+00	3.770522e+00	2.416824e+00	3.160008e-01	4.450344e-01	7.361627e-02
6.950000e+02	1.172770e+00	6.144010e-01	6.118598e-01	8.773450e-01	9.602460e-01	1.026484e-01	6.621882e-02	1.397252e+00	3.417758e-01	2.447885e+00	5.231439e+00	5.709081e-01	5.429079e-01	1.080892e-01	5.455588e-01	1.996824e+00	3.785012e+00	2.425094e+00	3.102195e-01	4.437570e-01	7.596449e-02
6.960000e+02	1.175784e+00	6.181395e-01	6.162245e-01	8.758218e-01	9.629467e-01	1.024699e-01	6.604347e-02	1.402342e+00	3.452574e-01	2.449652e+00	5.249271e+00	5.720803e-01	5.480408e-01	1.105928e-01	5.406659e-01	1.999326e+00	3.797621e+00	2.434863e+00	3.048844e-01	4.417687e-01	7.766081e-02
6.970000e+02	1.178887e+00	6.207229e-01	6.193115e-01	8.776142e-01	9.658724e-01	1.022480e-01	6.537601e-02	1.408170e+00	3.480966e-01	2.453835e+00	5.266478e+00	5.726471e-01	5.542973e-01	1.126032e-01	5.358421e-01	2.003486e+00	3.812087e+00	2.440114e+00	3.004877e-01	4.396310e-01	7.881979e-02
6.980000e+02	1.181648e+00	6.237129e-01	6.215992e-01	8.810871e-01	9.678012e-01	1.022060e-01	6.507817e-02	1.416216e+00	3.508888e-01	2.458945e+00	5.281571e+00	5.729050e-01	5.601767e-01	1.135442e-01	5.298878e-01	2.006038e+00	3.825652e+00	2.440632e+00	2.965878e-01	4.387177e-01	7.970996e-02
6.990000e+02	1.184036e+00	6.284922e-01	6.241663e-01	8.843679e-01	9.690392e-01	1.018115e-01	6.511133e-02	1.425200e+00	3.552731e-01	2.464400e+00	5.295573e+00	5.730210e-01	5.650426e-01	1.140939e-01	5.235753e-01	2.004231e+00	3.834468e+00	2.441056e+00	2.940105e-01	4.371763e-01	8.061809e-02
7.000000e+02	1.185921e+00	6.351976e-01	6.265958e-01	8.861761e-01	9.712345e-01	1.010045e-01	6.527902e-02	1.431726e+00	3.606518e-01	2.473107e+00	5.308025e+00	5.726676e-01	5.685990e-01	1.151294e-01	5.182534e-01	2.002193e+00	3.836424e+00	2.437588e+00	2.927460e-01	4.338296e-01	8.198827e-02
7.010000e+02	1.187468e+00	6.411630e-01	6.297727e-01	8.863185e-01	9.743367e-01	9.999637e-02	6.580939e-02	1.436608e+00	3.660673e-01	2.484916e+00	5.319381e+00	5.721980e-01	5.709465e-01	1.162995e-01	5.118719e-01	2.003216e+00	3.834555e+00	2.431201e+00	2.921369e-01	4.290783e-01	8.348764e-02
7.020000e+02	1.189133e+00	6.445227e-01	6.340288e-01	8.847948e-01	9.780200e-01	9.919420e-02	6.664686e-02	1.442079e+00	3.721236e-01	2.498303e+00	5.329148e+00	5.718105e-01	5.734848e-01	1.173180e-01	5.051146e-01	2.006197e+00	3.832355e+00	2.427594e+00	2.920197e-01	4.231135e-01	8.480101e-02
7.030000e+02	1.190899e+00	6.454689e-01	6.389894e-01	8.817354e-01	9.789815e-01	9.849672e-02	6.806943e-02	1.449370e+00	3.781011e-01	2.512328e+00	5.337887e+00	5.711418e-01	5.759201e-01	1.178460e-01	5.008970e-01	2.009597e+00	3.831380e+00	2.427864e+00	2.919191e-01	4.162623e-01	8.572884e-02
7.040000e+02	1.192639e+00	6.454149e-01	6.444323e-01	8.788502e-01	9.793663e-01	9.783994e-02	6.982504e-02	1.459338e+00	3.836243e-01	2.523864e+00	5.349920e+00	5.686768e-01	5.773012e-01	1.175044e-01	4.980877e-01	2.012903e+00	3.830321e+00	2.428561e+00	2.915918e-01	4.085400e-01	8.682151e-02
7.050000e+02	1.194291e+00	6.462218e-01	6.507396e-01	8.762422e-01	9.811932e-01	9.787990e-02	7.095822e-02	1.471319e+00	3.904542e-01	2.532526e+00	5.363116e+00	5.650875e-01	5.781078e-01	1.168627e-01	4.955067e-01	2.015011e+00	3.825847e+00	2.428355e+00	2.910769e-01	4.010000e-01	8.831764e-02
7.060000e+02	1.195910e+00	6.480110e-01	6.590629e-01	8.734007e-01	9.827690e-01	9.917724e-02	7.142501e-02	1.482975e+00	3.976347e-01	2.542122e+00	5.376071e+00	5.629966e-01	5.768099e-01	1.159982e-01	4.923146e-01	2.015536e+00	3.820167e+00	2.428815e+00	2.898805e-01	3.931429e-01	8.990120e-02
7.070000e+02	1.197561e+00	6.507031e-01	6.674890e-01	8.723539e-01	9.854491e-01	1.005125e-01	7.163122e-02	1.493590e+00	4.044821e-01	2.551304e+00	5.384668e+00	5.623220e-01	5.739918e-01	1.153263e-01	4.884837e-01	2.015004e+00	3.817402e+00	2.429611e+00	2.879438e-01	3.869131e-01	9.204428e-02
7.080000e+02	1.199369e+00	6.531824e-01	6.759778e-01	8.732634e-01	9.899802e-01	1.014198e-01	7.201543e-02	1.503729e+00	4.119632e-01	2.556332e+00	5.390424e+00	5.632442e-01	5.714616e-01	1.149697e-01	4.845417e-01	2.013027e+00	3.816968e+00	2.432122e+00	2.839212e-01	3.843526e-01	9.448151e-02
7.090000e+02	1.201318e+00	6.552250e-01	6.854141e-01	8.753282e-01	9.957791e-01	1.034112e-01	7.241046e-02	1.513048e+00	4.199707e-01	2.559132e+00	5.402294e+00	5.643907e-01	5.694289e-01	1.141424e-01	4.811428e-01	2.006737e+00	3.815508e+00	2.434134e+00	2.789612e-01	3.832313e-01	9.667206e-02
7.100000e+02	1.203372e+00	6.578582e-01	6.941634e-01	8.775709e-01	1.001259e+00	1.061989e-01	7.250790e-02	1.521633e+00	4.288837e-01	2.562660e+00	5.418850e+00	5.647562e-01	5.679277e-01	1.131206e-01	4.785882e-01	1.998148e+00	3.811876e+00	2.435313e+00	2.752603e-01	3.821473e-01	9.871068e-02
7.110000e+02	1.205615e+00	6.602629e-01	7.021978e-01	8.785879e-01	1.005678e+00	1.085365e-01	7.263969e-02	1.529716e+00	4.386780e-01	2.566213e+00	5.433888e+00	5.654230e-01	5.675585e-01	1.123358e-01	4.761655e-01	1.993955e+00	3.808729e+00	2.436831e+00	2.718730e-01	3.819698e-01	1.010702e-01
7.120000e+02	1.207821e+00	6.616568e-01	7.097705e-01	8.791601e-01	1.010386e+00	1.103804e-01	7.293516e-02	1.537785e+00	4.478050e-01	2.570621e+00	5.444065e+00	5.666192e-01	5.676392e-01	1.120871e-01	4.745912e-01	1.993004e+00	3.806740e+00	2.437120e+00	2.684131e-01	3.821534e-01	1.034880e-01
7.130000e+02	1.209778e+00	6.619877e-01	7.172551e-01	8.787539e-01	1.015768e+00	1.114416e-01	7.320602e-02	1.548377e+00	4.559748e-01	2.575821e+00	5.452902e+00	5.680348e-01	5.672851e-01	1.118819e-01	4.743077e-01	1.990297e+00	3.804537e+00	2.435818e+00	2.648088e-01	3.816370e-01	1.054606e-01
7.140000e+02	1.211503e+00	6.623338e-01	7.237864e-01	8.774380e-01	1.021631e+00	1.116290e-01	7.373888e-02	1.560781e+00	4.647075e-01	2.580285e+00	5.462785e+00	5.700094e-01	5.663196e-01	1.109405e-01	4.743319e-01	1.986160e+00	3.801946e+00	2.432957e+00	2.607310e-01	3.807437e-01	1.068039e-01
7.150000e+02	1.213176e+00	6.628804e-01	7.296489e-01	8.772426e-01	1.028280e+00	1.116396e-01	7.439460e-02	1.573502e+00	4.731063e-01	2.584262e+00	5.473669e+00	5.713097e-01	5.655456e-01	1.095809e-01	4.727859e-01	1.980979e+00	3.799757e+00	2.430506e+00	2.567728e-01	3.807127e-01	1.069476e-01
7.160000e+02	1.214961e+00	6.640597e-01	7.364296e-01	8.791114e-01	1.035026e+00	1.115691e-01	7.514111e-02	1.586885e+00	4.796181e-01	2.588006e+00	5.484127e+00	5.716363e-01	5.662874e-01	1.086345e-01	4.696707e-01	1.975425e+00	3.794150e+00	2.432667e+00	2.527444e-01	3.813295e-01	1.066937e-01
7.170000e+02	1.216855e+00	6.651871e-01	7.434361e-01	8.805577e-01	1.041212e+00	1.106201e-01	7.639676e-02	1.600441e+00	4.859834e-01	2.593023e+00	5.497283e+00	5.706650e-01	5.678872e-01	1.080646e-01	4.670575e-01	1.971599e+00	3.783585e+00	2.437884e+00	2.481905e-01	3.813637e-01	1.066661e-01
7.180000e+02	1.218629e+00	6.648033e-01	7.510548e-01	8.802928e-01	1.046655e+00	1.088001e-01	7.749134e-02	1.614536e+00	4.933711e-01	2.598324e+00	5.512853e+00	5.683475e-01	5.683999e-01	1.077116e-01	4.642411e-01	1.969904e+00	3.772412e+00	2.443261e+00	2.429450e-01	3.802793e-01	1.069011e-01
7.190000e+02	1.220391e+00	6.647808e-01	7.595554e-01	8.806882e-01	1.052211e+00	1.072586e-01	7.843920e-02	1.625968e+00	5.014071e-01	2.601221e+00	5.525614e+00	5.653059e-01	5.674098e-01	1.082049e-01	4.610427e-01	1.971424e+00	3.764683e+00	2.450433e+00	2.372231e-01	3.778724e-01	1.070822e-01
7.200000e+02	1.222159e+00	6.660161e-01	7.686839e-01	8.824017e-01	1.058596e+00	1.063036e-01	7.877365e-02	1.634360e+00	5.088523e-01	2.602706e+00	5.537514e+00	5.616270e-01	5.657571e-01	1.091669e-01	4.590685e-01	1.974487e+00	3.757301e+00	2.458658e+00	2.310934e-01	3.747267e-01	1.070922e-01
7.210000e+02	1.223999e+00	6.677435e-01	7.782084e-01	8.862566e-01	1.066120e+00	1.055071e-01	7.825179e-02	1.642647e+00	5.147296e-01	2.606445e+00	5.548308e+00	5.579439e-01	5.638548e-01	1.098015e-01	4.577934e-01	1.976597e+00	3.749620e+00	2.465800e+00	2.251852e-01	3.717351e-01	1.074371e-01
7.220000e+02	1.226205e+00	6.687013e-01	7.875193e-01	8.925529e-01	1.074075e+00	1.052325e-01	7.788692e-02	1.651670e+00	5.210439e-01	2.611504e+00	5.556779e+00	5.546819e-01	5.622908e-01	1.099438e-01	4.562306e-01	1.979815e+00	3.741796e+00	2.473828e+00	2.205016e-01	3.699824e-01	1.080633e-01
7.230000e+02	1.228140e+00	6.676726e-01	7.958254e-01	8.980196e-01	1.081655e+00	1.053439e-01	7.792135e-02	1.658234e+00	5.285446e-01	2.616422e+00	5.561278e+00	5.509897e-01	5.614443e-01	1.097549e-01	4.553306e-01	1.984525e+00	3.729828e+00	2.485857e+00	2.162116e-01	3.692946e-01	1.086388e-01
7.240000e+02	1.229843e+00	6.655659e-01	8.032947e-01	9.030926e-01	1.087317e+00	1.054573e-01	7.790924e-02	1.663974e+00	5.353119e-01	2.621765e+00	5.565232e+00	5.465545e-01	5.621572e-01	1.093673e-01	4.552930e-01	1.988388e+00	3.717571e+00	2.500110e+00	2.105496e-01	3.683621e-01	1.095904e-01
7.250000e+02	1.231778e+00	6.615546e-01	8.106700e-01	9.094036e-01	1.089626e+00	1.055332e-01	7.766030e-02	1.673673e+00	5.406706e-01	2.627058e+00	5.572525e+00	5.444731e-01	5.637466e-01	1.087768e-01	4.539353e-01	1.992243e+00	3.706922e+00	2.513993e+00	2.040281e-01	3.681673e-01	1.109084e-01
7.260000e+02	1.234000e+00	6.565181e-01	8.189572e-01	9.157050e-01	1.089208e+00	1.057973e-01	7.759082e-02	1.687250e+00	5.457002e-01	2.631108e+00	5.583194e+00	5.448933e-01	5.651925e-01	1.078716e-01	4.523002e-01	1.997985e+00	3.696236e+00	2.525702e+00	1.974692e-01	3.692672e-01	1.120495e-01
7.270000e+02	1.236201e+00	6.518029e-01	8.279666e-01	9.203806e-01	1.088469e+00	1.059679e-01	7.771925e-02	1.703059e+00	5.504515e-01	2.634770e+00	5.594118e+00	5.457370e-01	5.666803e-01	1.065479e-01	4.514385e-01	2.003677e+00	3.684619e+00	2.535429e+00	1.911970e-01	3.706292e-01	1.133544e-01
7.280000e+02	1.238228e+00	6.471150e-01	8.352803e-01	9.233163e-01	1.090035e+00	1.065610e-01	7.789193e-02	1.718694e+00	5.556962e-01	2.637145e+00	5.605050e+00	5.461577e-01	5.680674e-01	1.052259e-01	4.502511e-01	2.008512e+00	3.669878e+00	2.547129e+00	1.855674e-01	3.719910e-01	1.149912e-01
7.290000e+02	1.240299e+00	6.427372e-01	8.428688e-01	9.253047e-01	1.093783e+00	1.076192e-01	7.829127e-02	1.734281e+00	5.616174e-01	2.637726e+00	5.617295e+00	5.457064e-01	5.703047e-01	1.043189e-01	4.482282e-01	2.009619e+00	3.655497e+00	2.560906e+00	1.798970e-01	3.732451e-01	1.167445e-01
7.300000e+02	1.242669e+00	6.390647e-01	8.518623e-01	9.270387e-01	1.098381e+00	1.082096e-01	7.897279e-02	1.752877e+00	5.660116e-01	2.639911e+00	5.630698e+00	5.447122e-01	5.732938e-01	1.033584e-01	4.444698e-01	2.004786e+00	3.644131e+00	2.577420e+00	1.744437e-01	3.757293e-01	1.180065e-01
7.310000e+02	1.245201e+00	6.346546e-01	8.598014e-01	9.290175e-01	1.102926e+00	1.087329e-01	8.029287e-02	1.772050e+00	5.680100e-01	2.645994e+00	5.645710e+00	5.442656e-01	5.758331e-01	1.023787e-01	4.392422e-01	1.994593e+00	3.633202e+00	2.599016e+00	1.697801e-01	3.799702e-01	1.185549e-01
7.320000e+02	1.247660e+00	6.289903e-01	8.669573e-01	9.327379e-01	1.105875e+00	1.089735e-01	8.229649e-02	1.787618e+00	5.691647e-01	2.654320e+00	5.657287e+00	5.427127e-01	5.781661e-01	1.012376e-01	4.345855e-01	1.984190e+00	3.623177e+00	2.624221e+00	1.666030e-01	3.846459e-01	1.194508e-01
7.330000e+02	1.250425e+00	6.244618e-01	8.743222e-01	9.389701e-01	1.106296e+00	1.095695e-01	8.387144e-02	1.801439e+00	5.715395e-01	2.665599e+00	5.667649e+00	5.404445e-01	5.800464e-01	9.942378e-02	4.309540e-01	1.977824e+00	3.614485e+00	2.646738e+00	1.646384e-01	3.891988e-01	1.210300e-01
7.340000e+02	1.253459e+00	6.212209e-01	8.811703e-01	9.456338e-01	1.106202e+00	1.104624e-01	8.417602e-02	1.816486e+00	5.755757e-01	2.679103e+00	5.678371e+00	5.394064e-01	5.806392e-01	9.739222e-02	4.284637e-01	1.973129e+00	3.607562e+00	2.664500e+00	1.631507e-01	3.938298e-01	1.227143e-01
7.350000e+02	1.256531e+00	6.199474e-01	8.881602e-01	9.513484e-01	1.106830e+00	1.109692e-01	8.371856e-02	1.832948e+00	5.786689e-01	2.691124e+00	5.684797e+00	5.392942e-01	5.805683e-01	9.543006e-02	4.270598e-01	1.971653e+00	3.602285e+00	2.681030e+00	1.619645e-01	3.982203e-01	1.246099e-01
7.360000e+02	1.259583e+00	6.204874e-01	8.945032e-01	9.576222e-01	1.106675e+00	1.116950e-01	8.380939e-02	1.848852e+00	5.811058e-01	2.699398e+00	5.687399e+00	5.389728e-01	5.801536e-01	9.355357e-02	4.254812e-01	1.974519e+00	3.600719e+00	2.697081e+00	1.608283e-01	4.028755e-01	1.259236e-01
7.370000e+02	1.262873e+00	6.214491e-01	8.990820e-01	9.638721e-01	1.105129e+00	1.126132e-01	8.494022e-02	1.864923e+00	5.841269e-01	2.704926e+00	5.691182e+00	5.385164e-01	5.803674e-01	9.184447e-02	4.239444e-01	1.980339e+00	3.600111e+00	2.716111e+00	1.596318e-01	4.075889e-01	1.267559e-01
7.380000e+02	1.266514e+00	6.219570e-01	9.031882e-01	9.693367e-01	1.104494e+00	1.137777e-01	8.653850e-02	1.881259e+00	5.868671e-01	2.713970e+00	5.697666e+00	5.383059e-01	5.808301e-01	9.022163e-02	4.234779e-01	1.986613e+00	3.597193e+00	2.736852e+00	1.578782e-01	4.121863e-01	1.276614e-01
7.390000e+02	1.270112e+00	6.221360e-01	9.072420e-01	9.743829e-01	1.106703e+00	1.151193e-01	8.794038e-02	1.895758e+00	5.893634e-01	2.728451e+00	5.701385e+00	5.383202e-01	5.812230e-01	8.904579e-02	4.229374e-01	1.990833e+00	3.597654e+00	2.752857e+00	1.557922e-01	4.163777e-01	1.287218e-01
7.400000e+02	1.273541e+00	6.237854e-01	9.105435e-01	9.797522e-01	1.111103e+00	1.166505e-01	8.924022e-02	1.910992e+00	5.919204e-01	2.741174e+00	5.705607e+00	5.386685e-01	5.814691e-01	8.803900e-02	4.221847e-01	1.992863e+00	3.599425e+00	2.764112e+00	1.534487e-01	4.201421e-01	1.297069e-01
7.410000e+02	1.277005e+00	6.272871e-01	9.139192e-01	9.881392e-01	1.113527e+00	1.179767e-01	9.032365e-02	1.929842e+00	5.928819e-01	2.753170e+00	5.715662e+00	5.373430e-01	5.816893e-01	8.682877e-02	4.213917e-01	1.992497e+00	3.599484e+00	2.773883e+00	1.512755e-01	4.229067e-01	1.300787e-01
7.420000e+02	1.280336e+00	6.305039e-01	9.178269e-01	9.975409e-01	1.113400e+00	1.185903e-01	9.089252e-02	1.949655e+00	5.931475e-01	2.766975e+00	5.726371e+00	5.338417e-01	5.813754e-01	8.563562e-02	4.206385e-01	1.990265e+00	3.598811e+00	2.787024e+00	1.494840e-01	4.245300e-01	1.302015e-01
7.430000e+02	1.283142e+00	6.320079e-01	9.213427e-01	1.005523e+00	1.113802e+00	1.186558e-01	9.165590e-02	1.966607e+00	5.947427e-01	2.778592e+00	5.735175e+00	5.299337e-01	5.800466e-01	8.452666e-02	4.190586e-01	1.988076e+00	3.595877e+00	2.803372e+00	1.476590e-01	4.258539e-01	1.303346e-01
7.440000e+02	1.285774e+00	6.324654e-01	9.239136e-01	1.012853e+00	1.115903e+00	1.182795e-01	9.247305e-02	1.981980e+00	5.971461e-01	2.788205e+00	5.747837e+00	5.273485e-01	5.796698e-01	8.311257e-02	4.165358e-01	1.986244e+00	3.590252e+00	2.818892e+00	1.455676e-01	4.260889e-01	1.307162e-01
7.450000e+02	1.287989e+00	6.323899e-01	9.251833e-01	1.019106e+00	1.118612e+00	1.177210e-01	9.305175e-02	1.996731e+00	5.996369e-01	2.794771e+00	5.760223e+00	5.268487e-01	5.800200e-01	8.085516e-02	4.128354e-01	1.984796e+00	3.583043e+00	2.831345e+00	1.436036e-01	4.269619e-01	1.320368e-01
7.460000e+02	1.289653e+00	6.325277e-01	9.248474e-01	1.025484e+00	1.122343e+00	1.172904e-01	9.351421e-02	2.009405e+00	6.006605e-01	2.800299e+00	5.764894e+00	5.265601e-01	5.799946e-01	7.822241e-02	4.078251e-01	1.981625e+00	3.580956e+00	2.841298e+00	1.418694e-01	4.296485e-01	1.337987e-01
7.470000e+02	1.290702e+00	6.332256e-01	9.237692e-01	1.032111e+00	1.126435e+00	1.172188e-01	9.400878e-02	2.022889e+00	5.991401e-01	2.806332e+00	5.764880e+00	5.252761e-01	5.783523e-01	7.527570e-02	4.015610e-01	1.977718e+00	3.580963e+00	2.846423e+00	1.408045e-01	4.322017e-01	1.354545e-01
7.480000e+02	1.291403e+00	6.348623e-01	9.224064e-01	1.039189e+00	1.130247e+00	1.174309e-01	9.474598e-02	2.036649e+00	5.964990e-01	2.813830e+00	5.764347e+00	5.233466e-01	5.758656e-01	7.193256e-02	3.937360e-01	1.975579e+00	3.576757e+00	2.850711e+00	1.401803e-01	4.333884e-01	1.363486e-01
7.490000e+02	1.292784e+00	6.376211e-01	9.218527e-01	1.047198e+00	1.134294e+00	1.178111e-01	9.531502e-02	2.050276e+00	5.953080e-01	2.825240e+00	5.764060e+00	5.209247e-01	5.749732e-01	6.890448e-02	3.859128e-01	1.973882e+00	3.573671e+00	2.859091e+00	1.393296e-01	4.336797e-01	1.363263e-01
7.500000e+02	1.294608e+00	6.401721e-01	9.230065e-01	1.054201e+00	1.137789e+00	1.179736e-01	9.555690e-02	2.062580e+00	5.963683e-01	2.839769e+00	5.762996e+00	5.190966e-01	5.753272e-01	6.645035e-02	3.803575e-01	1.970177e+00	3.573233e+00	2.867894e+00	1.382864e-01	4.342762e-01	1.366507e-01
7.510000e+02	1.296001e+00	6.417762e-01	9.235559e-01	1.058847e+00	1.139384e+00	1.179219e-01	9.544556e-02	2.074096e+00	5.982192e-01	2.852723e+00	5.758602e+00	5.187758e-01	5.762567e-01	6.406879e-02	3.765894e-01	1.968875e+00	3.570402e+00	2.874150e+00	1.366660e-01	4.357878e-01	1.378723e-01
7.520000e+02	1.297296e+00	6.424551e-01	9.227480e-01	1.061404e+00	1.138059e+00	1.180241e-01	9.512590e-02	2.087877e+00	6.001075e-01	2.864618e+00	5.753553e+00	5.201953e-01	5.764149e-01	6.211230e-02	3.728955e-01	1.971158e+00	3.568178e+00	2.879316e+00	1.348424e-01	4.374245e-01	1.394155e-01
7.530000e+02	1.298452e+00	6.423020e-01	9.215189e-01	1.061294e+00	1.134674e+00	1.181679e-01	9.465374e-02	2.102430e+00	6.024587e-01	2.877901e+00	5.749382e+00	5.221778e-01	5.763726e-01	6.123105e-02	3.695626e-01	1.972534e+00	3.568297e+00	2.881133e+00	1.330453e-01	4.391688e-01	1.407295e-01
7.540000e+02	1.299394e+00	6.430707e-01	9.209164e-01	1.060399e+00	1.131069e+00	1.187089e-01	9.438371e-02	2.116672e+00	6.051912e-01	2.891599e+00	5.742462e+00	5.237383e-01	5.766820e-01	6.078015e-02	3.669824e-01	1.972347e+00	3.567576e+00	2.881847e+00	1.314947e-01	4.405402e-01	1.414289e-01
7.550000e+02	1.300337e+00	6.459829e-01	9.209228e-01	1.061121e+00	1.127430e+00	1.196070e-01	9.432386e-02	2.130036e+00	6.061811e-01	2.905015e+00	5.734920e+00	5.244375e-01	5.760563e-01	6.061084e-02	3.647227e-01	1.972382e+00	3.568509e+00	2.881247e+00	1.303651e-01	4.414373e-01	1.414324e-01
7.560000e+02	1.301029e+00	6.488757e-01	9.215532e-01	1.062053e+00	1.123054e+00	1.203083e-01	9.401949e-02	2.142388e+00	6.060394e-01	2.916005e+00	5.725106e+00	5.247995e-01	5.741488e-01	6.047960e-02	3.629981e-01	1.972692e+00	3.573075e+00	2.879068e+00	1.295887e-01	4.433057e-01	1.410206e-01
7.570000e+02	1.301782e+00	6.496494e-01	9.224938e-01	1.062130e+00	1.119444e+00	1.209963e-01	9.373527e-02	2.155167e+00	6.058830e-01	2.927026e+00	5.715104e+00	5.256568e-01	5.710532e-01	6.000646e-02	3.618033e-01	1.972634e+00	3.578253e+00	2.877272e+00	1.291920e-01	4.477388e-01	1.403938e-01
7.580000e+02	1.302878e+00	6.500676e-01	9.235092e-01	1.061979e+00	1.117201e+00	1.218505e-01	9.392043e-02	2.170155e+00	6.062155e-01	2.941454e+00	5.707717e+00	5.258482e-01	5.682521e-01	5.960276e-02	3.604914e-01	1.973255e+00	3.581675e+00	2.871034e+00	1.293122e-01	4.535044e-01	1.405185e-01
7.590000e+02	1.303661e+00	6.514064e-01	9.233118e-01	1.062917e+00	1.112476e+00	1.226387e-01	9.430619e-02	2.186351e+00	6.065568e-01	2.954794e+00	5.700410e+00	5.247364e-01	5.671493e-01	5.915867e-02	3.586173e-01	1.972972e+00	3.583077e+00	2.863350e+00	1.296783e-01	4.585677e-01	1.407526e-01
7.600000e+02	1.304526e+00	6.535876e-01	9.208741e-01	1.063684e+00	1.106455e+00	1.231521e-01	9.514375e-02	2.203472e+00	6.062818e-01	2.966151e+00	5.696922e+00	5.240818e-01	5.677447e-01	5.857254e-02	3.568337e-01	1.972706e+00	3.584694e+00	2.856922e+00	1.294493e-01	4.627410e-01	1.410489e-01
7.610000e+02	1.305974e+00	6.565160e-01	9.192655e-01	1.065572e+00	1.100981e+00	1.232937e-01	9.674812e-02	2.219171e+00	6.050670e-01	2.976646e+00	5.698959e+00	5.235644e-01	5.683248e-01	5.822688e-02	3.553402e-01	1.972381e+00	3.588758e+00	2.853355e+00	1.287231e-01	4.670558e-01	1.415351e-01
7.620000e+02	1.307735e+00	6.605820e-01	9.192829e-01	1.069820e+00	1.095929e+00	1.238665e-01	9.869848e-02	2.233004e+00	6.022645e-01	2.983478e+00	5.706628e+00	5.221493e-01	5.678575e-01	5.809068e-02	3.533274e-01	1.970681e+00	3.592599e+00	2.853074e+00	1.282889e-01	4.731521e-01	1.419284e-01
7.630000e+02	1.309710e+00	6.643568e-01	9.198404e-01	1.074980e+00	1.093540e+00	1.247568e-01	1.004536e-01	2.246960e+00	5.987913e-01	2.989414e+00	5.715395e+00	5.213221e-01	5.657791e-01	5.846363e-02	3.512095e-01	1.969911e+00	3.594299e+00	2.854181e+00	1.281818e-01	4.799309e-01	1.424323e-01
7.640000e+02	1.311802e+00	6.678157e-01	9.209467e-01	1.079154e+00	1.095030e+00	1.257422e-01	1.019163e-01	2.262884e+00	5.965288e-01	2.996580e+00	5.723006e+00	5.212541e-01	5.633477e-01	5.919697e-02	3.487620e-01	1.969828e+00	3.593065e+00	2.853970e+00	1.277596e-01	4.863196e-01	1.429257e-01
7.650000e+02	1.313609e+00	6.722810e-01	9.204698e-01	1.081681e+00	1.099237e+00	1.270979e-01	1.029153e-01	2.280491e+00	5.963302e-01	3.003180e+00	5.726032e+00	5.206405e-01	5.618660e-01	5.986067e-02	3.446701e-01	1.968297e+00	3.591875e+00	2.852817e+00	1.270844e-01	4.923144e-01	1.430344e-01
7.660000e+02	1.315056e+00	6.772593e-01	9.186040e-01	1.084015e+00	1.102287e+00	1.285489e-01	1.039065e-01	2.298308e+00	5.975775e-01	3.011912e+00	5.723291e+00	5.188670e-01	5.598905e-01	6.060404e-02	3.392449e-01	1.962947e+00	3.596132e+00	2.850733e+00	1.267091e-01	4.980575e-01	1.422174e-01
7.670000e+02	1.316276e+00	6.819996e-01	9.170726e-01	1.084375e+00	1.104324e+00	1.303690e-01	1.050922e-01	2.317432e+00	5.995330e-01	3.024185e+00	5.716632e+00	5.166144e-01	5.558346e-01	6.142782e-02	3.335441e-01	1.955886e+00	3.604248e+00	2.847409e+00	1.262775e-01	5.027361e-01	1.405257e-01
7.680000e+02	1.317085e+00	6.869542e-01	9.143715e-01	1.081523e+00	1.104920e+00	1.321073e-01	1.055948e-01	2.336747e+00	6.027622e-01	3.036011e+00	5.707332e+00	5.141000e-01	5.504000e-01	6.236189e-02	3.278125e-01	1.947493e+00	3.615049e+00	2.845303e+00	1.255419e-01	5.065749e-01	1.387416e-01
7.690000e+02	1.317798e+00	6.910376e-01	9.118584e-01	1.076965e+00	1.105218e+00	1.335737e-01	1.057858e-01	2.354273e+00	6.069183e-01	3.048318e+00	5.697271e+00	5.129340e-01	5.448082e-01	6.370805e-02	3.228229e-01	1.937358e+00	3.626511e+00	2.843912e+00	1.251281e-01	5.100518e-01	1.375004e-01
7.700000e+02	1.318559e+00	6.935796e-01	9.114772e-01	1.071203e+00	1.108633e+00	1.342749e-01	1.060008e-01	2.372021e+00	6.099359e-01	3.062067e+00	5.685372e+00	5.121437e-01	5.406509e-01	6.535330e-02	3.189038e-01	1.926510e+00	3.636730e+00	2.841521e+00	1.250407e-01	5.128326e-01	1.369300e-01
7.710000e+02	1.319157e+00	6.954348e-01	9.110273e-01	1.064610e+00	1.112984e+00	1.341581e-01	1.062957e-01	2.388130e+00	6.119849e-01	3.076093e+00	5.670837e+00	5.107230e-01	5.381638e-01	6.710050e-02	3.160362e-01	1.913960e+00	3.648454e+00	2.838382e+00	1.250048e-01	5.160466e-01	1.377081e-01
7.720000e+02	1.319891e+00	6.959318e-01	9.103348e-01	1.059878e+00	1.116706e+00	1.344222e-01	1.068682e-01	2.402462e+00	6.151325e-01	3.090813e+00	5.654403e+00	5.094227e-01	5.369350e-01	6.861636e-02	3.126759e-01	1.902315e+00	3.660053e+00	2.836741e+00	1.250024e-01	5.200578e-01	1.390562e-01
7.730000e+02	1.320543e+00	6.955397e-01	9.119320e-01	1.057876e+00	1.120452e+00	1.352337e-01	1.074367e-01	2.415214e+00	6.181863e-01	3.104554e+00	5.632735e+00	5.084488e-01	5.354042e-01	6.967241e-02	3.084663e-01	1.893090e+00	3.671793e+00	2.833911e+00	1.250151e-01	5.256492e-01	1.402498e-01
7.740000e+02	1.321360e+00	6.945624e-01	9.167362e-01	1.057061e+00	1.123230e+00	1.369213e-01	1.078287e-01	2.428218e+00	6.206918e-01	3.114723e+00	5.609507e+00	5.080069e-01	5.331683e-01	7.055466e-02	3.039546e-01	1.886395e+00	3.686888e+00	2.828755e+00	1.256318e-01	5.326762e-01	1.416847e-01
7.750000e+02	1.322476e+00	6.930395e-01	9.227109e-01	1.057238e+00	1.124826e+00	1.387273e-01	1.084691e-01	2.444261e+00	6.250258e-01	3.120685e+00	5.589114e+00	5.076273e-01	5.311094e-01	7.137172e-02	2.987608e-01	1.881882e+00	3.701801e+00	2.823015e+00	1.263658e-01	5.404449e-01	1.430497e-01
7.760000e+02	1.323776e+00	6.925945e-01	9.269363e-01	1.059178e+00	1.125325e+00	1.402493e-01	1.089324e-01	2.459227e+00	6.299119e-01	3.126511e+00	5.573117e+00	5.075390e-01	5.298208e-01	7.202268e-02	2.935952e-01	1.879053e+00	3.715921e+00	2.817365e+00	1.267075e-01	5.478714e-01	1.436484e-01
7.770000e+02	1.325044e+00	6.931398e-01	9.302379e-01	1.061931e+00	1.124088e+00	1.419948e-01	1.092026e-01	2.471380e+00	6.333819e-01	3.134365e+00	5.559987e+00	5.072026e-01	5.287104e-01	7.258478e-02	2.892104e-01	1.875906e+00	3.728852e+00	2.813783e+00	1.270701e-01	5.542581e-01	1.435862e-01
7.780000e+02	1.325901e+00	6.941217e-01	9.326325e-01	1.064897e+00	1.122442e+00	1.438705e-01	1.098758e-01	2.482563e+00	6.365201e-01	3.141926e+00	5.546317e+00	5.063369e-01	5.270479e-01	7.301551e-02	2.847814e-01	1.869928e+00	3.740581e+00	2.810840e+00	1.273963e-01	5.591914e-01	1.437378e-01
7.790000e+02	1.326535e+00	6.969704e-01	9.333262e-01	1.068189e+00	1.121296e+00	1.452238e-01	1.102070e-01	2.491537e+00	6.397303e-01	3.148047e+00	5.532468e+00	5.058748e-01	5.254314e-01	7.358574e-02	2.801435e-01	1.864829e+00	3.750783e+00	2.809678e+00	1.274807e-01	5.618058e-01	1.440984e-01
7.800000e+02	1.326846e+00	7.008338e-01	9.344618e-01	1.073342e+00	1.120222e+00	1.459106e-01	1.104526e-01	2.498378e+00	6.420335e-01	3.153989e+00	5.515063e+00	5.063704e-01	5.226856e-01	7.396317e-02	2.761742e-01	1.860815e+00	3.755547e+00	2.812024e+00	1.278552e-01	5.625175e-01	1.442737e-01
7.810000e+02	1.326791e+00	7.054238e-01	9.368476e-01	1.080852e+00	1.118435e+00	1.462501e-01	1.109650e-01	2.504584e+00	6.441965e-01	3.158393e+00	5.490068e+00	5.082405e-01	5.188917e-01	7.407689e-02	2.728168e-01	1.857267e+00	3.754310e+00	2.817301e+00	1.291228e-01	5.625510e-01	1.452285e-01
7.820000e+02	1.326839e+00	7.099985e-01	9.396287e-01	1.088032e+00	1.116692e+00	1.465852e-01	1.110963e-01	2.510474e+00	6.470228e-01	3.162284e+00	5.465977e+00	5.109137e-01	5.146941e-01	7.423081e-02	2.702501e-01	1.855686e+00	3.751221e+00	2.822132e+00	1.308087e-01	5.625510e-01	1.464928e-01
7.830000e+02	1.327405e+00	7.137948e-01	9.412210e-01	1.092266e+00	1.116096e+00	1.467973e-01	1.107056e-01	2.518913e+00	6.504993e-01	3.167427e+00	5.450044e+00	5.146365e-01	5.098025e-01	7.402774e-02	2.681581e-01	1.854398e+00	3.752373e+00	2.824597e+00	1.321862e-01	5.627357e-01	1.474147e-01
7.840000e+02	1.328126e+00	7.170360e-01	9.430550e-01	1.094498e+00	1.115793e+00	1.473770e-01	1.104664e-01	2.531342e+00	6.538456e-01	3.172413e+00	5.434502e+00	5.183498e-01	5.035282e-01	7.352683e-02	2.652701e-01	1.852773e+00	3.757057e+00	2.826438e+00	1.333831e-01	5.634047e-01	1.484534e-01
7.850000e+02	1.328343e+00	7.189477e-01	9.459321e-01	1.096189e+00	1.114422e+00	1.484336e-01	1.108619e-01	2.546354e+00	6.561309e-01	3.172318e+00	5.418577e+00	5.205224e-01	4.959280e-01	7.221286e-02	2.616835e-01	1.850774e+00	3.760990e+00	2.828547e+00	1.341805e-01	5.640293e-01	1.498283e-01
7.860000e+02	1.328402e+00	7.200733e-01	9.490324e-01	1.097975e+00	1.112970e+00	1.486819e-01	1.110288e-01	2.560447e+00	6.580029e-01	3.168145e+00	5.405121e+00	5.222641e-01	4.881425e-01	7.030311e-02	2.588328e-01	1.848410e+00	3.765452e+00	2.831584e+00	1.351304e-01	5.646895e-01	1.517484e-01
7.870000e+02	1.328908e+00	7.196493e-01	9.522967e-01	1.099768e+00	1.111972e+00	1.481484e-01	1.105286e-01	2.572619e+00	6.604092e-01	3.167972e+00	5.390615e+00	5.240918e-01	4.802944e-01	6.867044e-02	2.564925e-01	1.850757e+00	3.774628e+00	2.832353e+00	1.368824e-01	5.660092e-01	1.540138e-01
7.880000e+02	1.329789e+00	7.173912e-01	9.540271e-01	1.102526e+00	1.110222e+00	1.475902e-01	1.099164e-01	2.586983e+00	6.630791e-01	3.170165e+00	5.376472e+00	5.240048e-01	4.730218e-01	6.719925e-02	2.542441e-01	1.857126e+00	3.788459e+00	2.830858e+00	1.385893e-01	5.679617e-01	1.559528e-01
7.890000e+02	1.331094e+00	7.149575e-01	9.547580e-01	1.106351e+00	1.107848e+00	1.470775e-01	1.099302e-01	2.602763e+00	6.656970e-01	3.172400e+00	5.367330e+00	5.214235e-01	4.671342e-01	6.576083e-02	2.518125e-01	1.862257e+00	3.805023e+00	2.831699e+00	1.405068e-01	5.696422e-01	1.575174e-01
7.900000e+02	1.332515e+00	7.127707e-01	9.568389e-01	1.110272e+00	1.105062e+00	1.460998e-01	1.106765e-01	2.618816e+00	6.698817e-01	3.173012e+00	5.358301e+00	5.189243e-01	4.624338e-01	6.440086e-02	2.492278e-01	1.863635e+00	3.822695e+00	2.834957e+00	1.422957e-01	5.710934e-01	1.589029e-01
7.910000e+02	1.333656e+00	7.116141e-01	9.607434e-01	1.111811e+00	1.101914e+00	1.448834e-01	1.117647e-01	2.634174e+00	6.758317e-01	3.171066e+00	5.345991e+00	5.184097e-01	4.585917e-01	6.297950e-02	2.468268e-01	1.861214e+00	3.838885e+00	2.839651e+00	1.441021e-01	5.726318e-01	1.600271e-01
7.920000e+02	1.335058e+00	7.123125e-01	9.654998e-01	1.111672e+00	1.097048e+00	1.442605e-01	1.128750e-01	2.648643e+00	6.815842e-01	3.173632e+00	5.335279e+00	5.176612e-01	4.568764e-01	6.211084e-02	2.452458e-01	1.857882e+00	3.851781e+00	2.844328e+00	1.466549e-01	5.754495e-01	1.603592e-01
7.930000e+02	1.336745e+00	7.153459e-01	9.717066e-01	1.110952e+00	1.089578e+00	1.442748e-01	1.136399e-01	2.663210e+00	6.877013e-01	3.176172e+00	5.328665e+00	5.151716e-01	4.562241e-01	6.206830e-02	2.436615e-01	1.857120e+00	3.862934e+00	2.848698e+00	1.487632e-01	5.787827e-01	1.602386e-01
7.940000e+02	1.338183e+00	7.186560e-01	9.783170e-01	1.110086e+00	1.080968e+00	1.440917e-01	1.143161e-01	2.676298e+00	6.932933e-01	3.174793e+00	5.323376e+00	5.126732e-01	4.550771e-01	6.226183e-02	2.413156e-01	1.855337e+00	3.875399e+00	2.855384e+00	1.506989e-01	5.806130e-01	1.607148e-01
7.950000e+02	1.339203e+00	7.210731e-01	9.834379e-01	1.112445e+00	1.072411e+00	1.439852e-01	1.145005e-01	2.685032e+00	6.966329e-01	3.175019e+00	5.317239e+00	5.106881e-01	4.544208e-01	6.248928e-02	2.383163e-01	1.851166e+00	3.885808e+00	2.863454e+00	1.533077e-01	5.811059e-01	1.615335e-01
7.960000e+02	1.339461e+00	7.245583e-01	9.876734e-01	1.114329e+00	1.064488e+00	1.441138e-01	1.137704e-01	2.689918e+00	6.995255e-01	3.175053e+00	5.308653e+00	5.085029e-01	4.538530e-01	6.245880e-02	2.349793e-01	1.846371e+00	3.890988e+00	2.872327e+00	1.556860e-01	5.801276e-01	1.618421e-01
7.970000e+02	1.338747e+00	7.281082e-01	9.914122e-01	1.113140e+00	1.056522e+00	1.437449e-01	1.132424e-01	2.694703e+00	7.025896e-01	3.172264e+00	5.297263e+00	5.061158e-01	4.522714e-01	6.223941e-02	2.315579e-01	1.839862e+00	3.894170e+00	2.877123e+00	1.577627e-01	5.792842e-01	1.615659e-01
7.980000e+02	1.337964e+00	7.321964e-01	9.940039e-01	1.113636e+00	1.049788e+00	1.432973e-01	1.128898e-01	2.700958e+00	7.048171e-01	3.168108e+00	5.285847e+00	5.040637e-01	4.491128e-01	6.207033e-02	2.291658e-01	1.834178e+00	3.896198e+00	2.877729e+00	1.601638e-01	5.793522e-01	1.617092e-01
7.990000e+02	1.337700e+00	7.358507e-01	9.968501e-01	1.116710e+00	1.044211e+00	1.437392e-01	1.121136e-01	2.708340e+00	7.078694e-01	3.163852e+00	5.276501e+00	5.018434e-01	4.452638e-01	6.156187e-02	2.279242e-01	1.831098e+00	3.897204e+00	2.879430e+00	1.619800e-01	5.786449e-01	1.630090e-01
8.000000e+02	1.337528e+00	7.376370e-01	9.986632e-01	1.119281e+00	1.039512e+00	1.442185e-01	1.113224e-01	2.717864e+00	7.129801e-01	3.162540e+00	5.268668e+00	5.005029e-01	4.412170e-01	6.109972e-02	2.258236e-01	1.828963e+00	3.897223e+00	2.878969e+00	1.627414e-01	5.769409e-01	1.643956e-01
8.010000e+02	1.337344e+00	7.382342e-01	9.990445e-01	1.121168e+00	1.037109e+00	1.440719e-01	1.098842e-01	2.729570e+00	7.190104e-01	3.165636e+00	5.258552e+00	4.998025e-01	4.384410e-01	6.148078e-02	2.228689e-01	1.828755e+00	3.894667e+00	2.876536e+00	1.631504e-01	5.740413e-01	1.648519e-01
8.020000e+02	1.337008e+00	7.394339e-01	9.982518e-01	1.120393e+00	1.034140e+00	1.441281e-01	1.081583e-01	2.740274e+00	7.254298e-01	3.170928e+00	5.245133e+00	4.984033e-01	4.373744e-01	6.198534e-02	2.202008e-01	1.829458e+00	3.891642e+00	2.876169e+00	1.634015e-01	5.702961e-01	1.649535e-01
8.030000e+02	1.336752e+00	7.413840e-01	9.973812e-01	1.116901e+00	1.029760e+00	1.443811e-01	1.067548e-01	2.748908e+00	7.321699e-01	3.175769e+00	5.233098e+00	4.980071e-01	4.355978e-01	6.207822e-02	2.186109e-01	1.831946e+00	3.891702e+00	2.875893e+00	1.630998e-01	5.666769e-01	1.649208e-01
8.040000e+02	1.336842e+00	7.423273e-01	9.982218e-01	1.112235e+00	1.026921e+00	1.444088e-01	1.047894e-01	2.754751e+00	7.395954e-01	3.180094e+00	5.225988e+00	4.973621e-01	4.327884e-01	6.251376e-02	2.172523e-01	1.838781e+00	3.890885e+00	2.877217e+00	1.624615e-01	5.633739e-01	1.648779e-01
8.050000e+02	1.336854e+00	7.429649e-01	1.000991e+00	1.105228e+00	1.024727e+00	1.439132e-01	1.020872e-01	2.758389e+00	7.474979e-01	3.187602e+00	5.217218e+00	4.961811e-01	4.296359e-01	6.333918e-02	2.154912e-01	1.846632e+00	3.887773e+00	2.880293e+00	1.617879e-01	5.602909e-01	1.650339e-01
8.060000e+02	1.336423e+00	7.450195e-01	1.005780e+00	1.097473e+00	1.020636e+00	1.433082e-01	9.868044e-02	2.761412e+00	7.556317e-01	3.196532e+00	5.200517e+00	4.961819e-01	4.262263e-01	6.436255e-02	2.143900e-01	1.852434e+00	3.887077e+00	2.880495e+00	1.614105e-01	5.561520e-01	1.647485e-01
8.070000e+02	1.335923e+00	7.486769e-01	1.010600e+00	1.090921e+00	1.014577e+00	1.432243e-01	9.536479e-02	2.765313e+00	7.631515e-01	3.204426e+00	5.180196e+00	4.968755e-01	4.226069e-01	6.555617e-02	2.140599e-01	1.857723e+00	3.890198e+00	2.877272e+00	1.617540e-01	5.516768e-01	1.642860e-01
8.080000e+02	1.335434e+00	7.526802e-01	1.014458e+00	1.084832e+00	1.007896e+00	1.431565e-01	9.277896e-02	2.769181e+00	7.690206e-01	3.211963e+00	5.162898e+00	4.978495e-01	4.188735e-01	6.641493e-02	2.141263e-01	1.863243e+00	3.891663e+00	2.873035e+00	1.623658e-01	5.478160e-01	1.644278e-01
8.090000e+02	1.335039e+00	7.570908e-01	1.018195e+00	1.080296e+00	1.001147e+00	1.434927e-01	9.025514e-02	2.772235e+00	7.739052e-01	3.221025e+00	5.146971e+00	4.981784e-01	4.151168e-01	6.687866e-02	2.139270e-01	1.869620e+00	3.890013e+00	2.869122e+00	1.635650e-01	5.441546e-01	1.655870e-01
8.100000e+02	1.334553e+00	7.613987e-01	1.022476e+00	1.078848e+00	9.949571e-01	1.438514e-01	8.759140e-02	2.773131e+00	7.775480e-01	3.231134e+00	5.129291e+00	4.977663e-01	4.109623e-01	6.751544e-02	2.135493e-01	1.876997e+00	3.887172e+00	2.863261e+00	1.653788e-01	5.414153e-01	1.668196e-01
8.110000e+02	1.334451e+00	7.655009e-01	1.026080e+00	1.081364e+00	9.893376e-01	1.438908e-01	8.522056e-02	2.770960e+00	7.804890e-01	3.241365e+00	5.117619e+00	4.974700e-01	4.069723e-01	6.814922e-02	2.141255e-01	1.885316e+00	3.884721e+00	2.854996e+00	1.677043e-01	5.402906e-01	1.674488e-01
8.120000e+02	1.334199e+00	7.689177e-01	1.030218e+00	1.085598e+00	9.834744e-01	1.432518e-01	8.295732e-02	2.767488e+00	7.822819e-01	3.251246e+00	5.109593e+00	4.963120e-01	4.039868e-01	6.855859e-02	2.150334e-01	1.891998e+00	3.880701e+00	2.846442e+00	1.698950e-01	5.381976e-01	1.678328e-01
8.130000e+02	1.333222e+00	7.714816e-01	1.035056e+00	1.090971e+00	9.783568e-01	1.419836e-01	8.114905e-02	2.762979e+00	7.841356e-01	3.261068e+00	5.095111e+00	4.933492e-01	4.021186e-01	6.928843e-02	2.162880e-01	1.895665e+00	3.874905e+00	2.837833e+00	1.708704e-01	5.337989e-01	1.680332e-01
8.140000e+02	1.332417e+00	7.726751e-01	1.039754e+00	1.096469e+00	9.740281e-01	1.407747e-01	8.001477e-02	2.761664e+00	7.878945e-01	3.271066e+00	5.077937e+00	4.901150e-01	4.002641e-01	7.015698e-02	2.176105e-01	1.898068e+00	3.870337e+00	2.831727e+00	1.711010e-01	5.282221e-01	1.684589e-01
8.150000e+02	1.332025e+00	7.729404e-01	1.044882e+00	1.101546e+00	9.686353e-01	1.397247e-01	7.925540e-02	2.767167e+00	7.921750e-01	3.279077e+00	5.059438e+00	4.878912e-01	3.983814e-01	7.063843e-02	2.182272e-01	1.900308e+00	3.868932e+00	2.828895e+00	1.709822e-01	5.226379e-01	1.687627e-01
8.160000e+02	1.332211e+00	7.727407e-01	1.050768e+00	1.107599e+00	9.625317e-01	1.391811e-01	7.892907e-02	2.778522e+00	7.972773e-01	3.287325e+00	5.041176e+00	4.861402e-01	3.975519e-01	7.083112e-02	2.184962e-01	1.900398e+00	3.870312e+00	2.829183e+00	1.707296e-01	5.162827e-01	1.682525e-01
8.170000e+02	1.333245e+00	7.721851e-01	1.058099e+00	1.115042e+00	9.573427e-01	1.393512e-01	7.915056e-02	2.794945e+00	8.015973e-01	3.296980e+00	5.025880e+00	4.837403e-01	3.976517e-01	7.130848e-02	2.190207e-01	1.899566e+00	3.874220e+00	2.830491e+00	1.710712e-01	5.096823e-01	1.675679e-01
8.180000e+02	1.334598e+00	7.724965e-01	1.065037e+00	1.124374e+00	9.525806e-01	1.395407e-01	7.949193e-02	2.813830e+00	8.035866e-01	3.308218e+00	5.011111e+00	4.819900e-01	3.982005e-01	7.203064e-02	2.195084e-01	1.897870e+00	3.879694e+00	2.829638e+00	1.715747e-01	5.038975e-01	1.672964e-01
8.190000e+02	1.335337e+00	7.728975e-01	1.070333e+00	1.134105e+00	9.463588e-01	1.393460e-01	7.971566e-02	2.831627e+00	8.044344e-01	3.318043e+00	4.993676e+00	4.811914e-01	3.986988e-01	7.218283e-02	2.196452e-01	1.894711e+00	3.883743e+00	2.828356e+00	1.720733e-01	4.979190e-01	1.676746e-01
8.200000e+02	1.335709e+00	7.728745e-01	1.074925e+00	1.141741e+00	9.390537e-01	1.391469e-01	8.004371e-02	2.850373e+00	8.052000e-01	3.324358e+00	4.972496e+00	4.804304e-01	3.992332e-01	7.144497e-02	2.198436e-01	1.893683e+00	3.887608e+00	2.828001e+00	1.730794e-01	4.924895e-01	1.681477e-01
8.210000e+02	1.336108e+00	7.748214e-01	1.079912e+00	1.148852e+00	9.317196e-01	1.390727e-01	8.040511e-02	2.867063e+00	8.074063e-01	3.329246e+00	4.950337e+00	4.811111e-01	3.983282e-01	7.064048e-02	2.199845e-01	1.895903e+00	3.891445e+00	2.825923e+00	1.741645e-01	4.871967e-01	1.686309e-01
8.220000e+02	1.336647e+00	7.780308e-01	1.086014e+00	1.157339e+00	9.246612e-01	1.390527e-01	8.052143e-02	2.880856e+00	8.123221e-01	3.334160e+00	4.930460e+00	4.822373e-01	3.952666e-01	7.008976e-02	2.193724e-01	1.898125e+00	3.895347e+00	2.824126e+00	1.751848e-01	4.805348e-01	1.692294e-01
8.230000e+02	1.337659e+00	7.804917e-01	1.092251e+00	1.164894e+00	9.182930e-01	1.396359e-01	8.066574e-02	2.897162e+00	8.202123e-01	3.341843e+00	4.915276e+00	4.834697e-01	3.915260e-01	6.977354e-02	2.178992e-01	1.900013e+00	3.898774e+00	2.820193e+00	1.764446e-01	4.746296e-01	1.697386e-01
8.240000e+02	1.338768e+00	7.837512e-01	1.098309e+00	1.171370e+00	9.133559e-01	1.406862e-01	8.051417e-02	2.912415e+00	8.296420e-01	3.351239e+00	4.902824e+00	4.857263e-01	3.882957e-01	6.937680e-02	2.158338e-01	1.901671e+00	3.899774e+00	2.813468e+00	1.771078e-01	4.703750e-01	1.696153e-01
8.250000e+02	1.339729e+00	7.880160e-01	1.103915e+00	1.176976e+00	9.100381e-01	1.416288e-01	7.971723e-02	2.925003e+00	8.400554e-01	3.359846e+00	4.890294e+00	4.873647e-01	3.856391e-01	6.933956e-02	2.133859e-01	1.901977e+00	3.900692e+00	2.807708e+00	1.772485e-01	4.666513e-01	1.690841e-01
8.260000e+02	1.340527e+00	7.921860e-01	1.108671e+00	1.181580e+00	9.055096e-01	1.421824e-01	7.872510e-02	2.936760e+00	8.513812e-01	3.365975e+00	4.878597e+00	4.877321e-01	3.828038e-01	7.003355e-02	2.101607e-01	1.901870e+00	3.902711e+00	2.802664e+00	1.784999e-01	4.637525e-01	1.687514e-01
8.270000e+02	1.340516e+00	7.970076e-01	1.113713e+00	1.184639e+00	8.994206e-01	1.421898e-01	7.791516e-02	2.944725e+00	8.617412e-01	3.369361e+00	4.867178e+00	4.884529e-01	3.798333e-01	7.079582e-02	2.064880e-01	1.899438e+00	3.900876e+00	2.796934e+00	1.804910e-01	4.608935e-01	1.682180e-01
8.280000e+02	1.339821e+00	8.025378e-01	1.118132e+00	1.186121e+00	8.935850e-01	1.420350e-01	7.715738e-02	2.952149e+00	8.714755e-01	3.371823e+00	4.853013e+00	4.895230e-01	3.769002e-01	7.121235e-02	2.036572e-01	1.895175e+00	3.896398e+00	2.788852e+00	1.819895e-01	4.573400e-01	1.673383e-01
8.290000e+02	1.339695e+00	8.080573e-01	1.122648e+00	1.188802e+00	8.881704e-01	1.413507e-01	7.576972e-02	2.962549e+00	8.824381e-01	3.373941e+00	4.838282e+00	4.895583e-01	3.731955e-01	7.163656e-02	2.022126e-01	1.895207e+00	3.894722e+00	2.781609e+00	1.832346e-01	4.542418e-01	1.662636e-01
8.300000e+02	1.340415e+00	8.140507e-01	1.128309e+00	1.194012e+00	8.826062e-01	1.397325e-01	7.370722e-02	2.975991e+00	8.930508e-01	3.377756e+00	4.826999e+00	4.893851e-01	3.675681e-01	7.179867e-02	2.018678e-01	1.899325e+00	3.892886e+00	2.778156e+00	1.845260e-01	4.515647e-01	1.650130e-01
8.310000e+02	1.341158e+00	8.211227e-01	1.133811e+00	1.201759e+00	8.760761e-01	1.377316e-01	7.198097e-02	2.992219e+00	9.017987e-01	3.381026e+00	4.815890e+00	4.882724e-01	3.614689e-01	7.147198e-02	2.022272e-01	1.901680e+00	3.890497e+00	2.775758e+00	1.854157e-01	4.491494e-01	1.637999e-01
8.320000e+02	1.341680e+00	8.267783e-01	1.140385e+00	1.209737e+00	8.697504e-01	1.361958e-01	7.090356e-02	3.010037e+00	9.089920e-01	3.381343e+00	4.801945e+00	4.846607e-01	3.560170e-01	7.113565e-02	2.028816e-01	1.902419e+00	3.890353e+00	2.774268e+00	1.856955e-01	4.473873e-01	1.627100e-01
8.330000e+02	1.342678e+00	8.318837e-01	1.147011e+00	1.217774e+00	8.642809e-01	1.353472e-01	6.955189e-02	3.029320e+00	9.155249e-01	3.383725e+00	4.786512e+00	4.804812e-01	3.509329e-01	7.049228e-02	2.035860e-01	1.905192e+00	3.895571e+00	2.771710e+00	1.862834e-01	4.462476e-01	1.621280e-01
8.340000e+02	1.343913e+00	8.381009e-01	1.151262e+00	1.227846e+00	8.592813e-01	1.349433e-01	6.796536e-02	3.047723e+00	9.214315e-01	3.389679e+00	4.773532e+00	4.760409e-01	3.460223e-01	6.981010e-02	2.041895e-01	1.907167e+00	3.900670e+00	2.767007e+00	1.876607e-01	4.458577e-01	1.620750e-01
8.350000e+02	1.345083e+00	8.443501e-01	1.155201e+00	1.238237e+00	8.551279e-01	1.344239e-01	6.654091e-02	3.061994e+00	9.265436e-01	3.399197e+00	4.764451e+00	4.708481e-01	3.407971e-01	6.927199e-02	2.048165e-01	1.908035e+00	3.901720e+00	2.762105e+00	1.888619e-01	4.468662e-01	1.622612e-01
8.360000e+02	1.346056e+00	8.497422e-01	1.159363e+00	1.248848e+00	8.508149e-01	1.330641e-01	6.500941e-02	3.075802e+00	9.302399e-01	3.410664e+00	4.755610e+00	4.663937e-01	3.352995e-01	6.812820e-02	2.051902e-01	1.908677e+00	3.902702e+00	2.755742e+00	1.894082e-01	4.475091e-01	1.629050e-01
8.370000e+02	1.346147e+00	8.534560e-01	1.161606e+00	1.259518e+00	8.465718e-01	1.315425e-01	6.330950e-02	3.090462e+00	9.323350e-01	3.420060e+00	4.744087e+00	4.633958e-01	3.303596e-01	6.630459e-02	2.059588e-01	1.905774e+00	3.900970e+00	2.747768e+00	1.892120e-01	4.466448e-01	1.636062e-01
8.380000e+02	1.345728e+00	8.559753e-01	1.163498e+00	1.269164e+00	8.438704e-01	1.303444e-01	6.151341e-02	3.100785e+00	9.343294e-01	3.427445e+00	4.731352e+00	4.609002e-01	3.266220e-01	6.468209e-02	2.068664e-01	1.899907e+00	3.899197e+00	2.739472e+00	1.880434e-01	4.461647e-01	1.644214e-01
8.390000e+02	1.345797e+00	8.588986e-01	1.168774e+00	1.281028e+00	8.441048e-01	1.293104e-01	5.941139e-02	3.107390e+00	9.372320e-01	3.435286e+00	4.718256e+00	4.591402e-01	3.231103e-01	6.336823e-02	2.073342e-01	1.893583e+00	3.901482e+00	2.730336e+00	1.862288e-01	4.459200e-01	1.657440e-01
8.400000e+02	1.346628e+00	8.606216e-01	1.174170e+00	1.293955e+00	8.454067e-01	1.281189e-01	5.719470e-02	3.114472e+00	9.427539e-01	3.443120e+00	4.706956e+00	4.593989e-01	3.202066e-01	6.201208e-02	2.084663e-01	1.890123e+00	3.907972e+00	2.720564e+00	1.845091e-01	4.455320e-01	1.670011e-01
8.410000e+02	1.347450e+00	8.607966e-01	1.178512e+00	1.303607e+00	8.449647e-01	1.264149e-01	5.475386e-02	3.122374e+00	9.503942e-01	3.449875e+00	4.695148e+00	4.609237e-01	3.186472e-01	6.046482e-02	2.104673e-01	1.889069e+00	3.914253e+00	2.710582e+00	1.833664e-01	4.462022e-01	1.681808e-01
8.420000e+02	1.348060e+00	8.605935e-01	1.185484e+00	1.311467e+00	8.449390e-01	1.245227e-01	5.179334e-02	3.130165e+00	9.579789e-01	3.455369e+00	4.681943e+00	4.631397e-01	3.180848e-01	5.896129e-02	2.127436e-01	1.887256e+00	3.914740e+00	2.702012e+00	1.829276e-01	4.475437e-01	1.695335e-01
8.430000e+02	1.348619e+00	8.595382e-01	1.194697e+00	1.320348e+00	8.478226e-01	1.226717e-01	4.849807e-02	3.136687e+00	9.653840e-01	3.455589e+00	4.674633e+00	4.653095e-01	3.175316e-01	5.759022e-02	2.148196e-01	1.883083e+00	3.911403e+00	2.693689e+00	1.830709e-01	4.490223e-01	1.709839e-01
8.440000e+02	1.348902e+00	8.589100e-01	1.201815e+00	1.328153e+00	8.514842e-01	1.205911e-01	4.575926e-02	3.141976e+00	9.723005e-01	3.451598e+00	4.670786e+00	4.676064e-01	3.157753e-01	5.624535e-02	2.170087e-01	1.876370e+00	3.909600e+00	2.684481e+00	1.835594e-01	4.510811e-01	1.729321e-01
8.450000e+02	1.349658e+00	8.592268e-01	1.207358e+00	1.335429e+00	8.537964e-01	1.183548e-01	4.380459e-02	3.147829e+00	9.778429e-01	3.450484e+00	4.668047e+00	4.707101e-01	3.132430e-01	5.540095e-02	2.196610e-01	1.869557e+00	3.912852e+00	2.676104e+00	1.843211e-01	4.541973e-01	1.749328e-01
8.460000e+02	1.350952e+00	8.597487e-01	1.212977e+00	1.342647e+00	8.549203e-01	1.161180e-01	4.221440e-02	3.154878e+00	9.837934e-01	3.453350e+00	4.669125e+00	4.738844e-01	3.108843e-01	5.486816e-02	2.219374e-01	1.863765e+00	3.917033e+00	2.668608e+00	1.851921e-01	4.563797e-01	1.767261e-01
8.470000e+02	1.351842e+00	8.589015e-01	1.218367e+00	1.351002e+00	8.552514e-01	1.143755e-01	4.056936e-02	3.163692e+00	9.889910e-01	3.453080e+00	4.669929e+00	4.764946e-01	3.089314e-01	5.437883e-02	2.237037e-01	1.860324e+00	3.917223e+00	2.660315e+00	1.865266e-01	4.566891e-01	1.780867e-01
8.480000e+02	1.352315e+00	8.575590e-01	1.223550e+00	1.362812e+00	8.545337e-01	1.129507e-01	3.888706e-02	3.174686e+00	9.928242e-01	3.449276e+00	4.671267e+00	4.786736e-01	3.076479e-01	5.424971e-02	2.254325e-01	1.857815e+00	3.913820e+00	2.648400e+00	1.877160e-01	4.557181e-01	1.784770e-01
8.490000e+02	1.352929e+00	8.575376e-01	1.229375e+00	1.376015e+00	8.550011e-01	1.110970e-01	3.734774e-02	3.185384e+00	9.990026e-01	3.444452e+00	4.672977e+00	4.819368e-01	3.055354e-01	5.477160e-02	2.279143e-01	1.855399e+00	3.909550e+00	2.634758e+00	1.880952e-01	4.543017e-01	1.781303e-01
8.500000e+02	1.353398e+00	8.578949e-01	1.237059e+00	1.388611e+00	8.569901e-01	1.083748e-01	3.631922e-02	3.195206e+00	1.005530e+00	3.437218e+00	4.671704e+00	4.859683e-01	3.027944e-01	5.557324e-02	2.304591e-01	1.853699e+00	3.901875e+00	2.624116e+00	1.882618e-01	4.526685e-01	1.776433e-01
8.510000e+02	1.353188e+00	8.582442e-01	1.245104e+00	1.400537e+00	8.589709e-01	1.046706e-01	3.571492e-02	3.207503e+00	1.008618e+00	3.430484e+00	4.665478e+00	4.889453e-01	3.011190e-01	5.620076e-02	2.321074e-01	1.848181e+00	3.889678e+00	2.615756e+00	1.890532e-01	4.509101e-01	1.764925e-01
8.520000e+02	1.352295e+00	8.597266e-01	1.250618e+00	1.410394e+00	8.610946e-01	1.008028e-01	3.518081e-02	3.219861e+00	1.009884e+00	3.425165e+00	4.655944e+00	4.901983e-01	2.997835e-01	5.629395e-02	2.339084e-01	1.839169e+00	3.877214e+00	2.606942e+00	1.899064e-01	4.490817e-01	1.747236e-01
8.530000e+02	1.351543e+00	8.623999e-01	1.256284e+00	1.418172e+00	8.631342e-01	9.808756e-02	3.477939e-02	3.229600e+00	1.011240e+00	3.420088e+00	4.646994e+00	4.906770e-01	2.986317e-01	5.578058e-02	2.360768e-01	1.831113e+00	3.868910e+00	2.598030e+00	1.900328e-01	4.473947e-01	1.734336e-01
8.540000e+02	1.351877e+00	8.661214e-01	1.264292e+00	1.425863e+00	8.649940e-01	9.631735e-02	3.423618e-02	3.238906e+00	1.014646e+00	3.416448e+00	4.641475e+00	4.923104e-01	2.965812e-01	5.525358e-02	2.382850e-01	1.827552e+00	3.863158e+00	2.591979e+00	1.894731e-01	4.473235e-01	1.723289e-01
8.550000e+02	1.352833e+00	8.712483e-01	1.271454e+00	1.430797e+00	8.654329e-01	9.462899e-02	3.337617e-02	3.250106e+00	1.021155e+00	3.414136e+00	4.637954e+00	4.944092e-01	2.937661e-01	5.496815e-02	2.408725e-01	1.825713e+00	3.860356e+00	2.587518e+00	1.889175e-01	4.485739e-01	1.712700e-01
8.560000e+02	1.353746e+00	8.773483e-01	1.276512e+00	1.432821e+00	8.640012e-01	9.286446e-02	3.237504e-02	3.262322e+00	1.027962e+00	3.413180e+00	4.634910e+00	4.965413e-01	2.913287e-01	5.493446e-02	2.432246e-01	1.822961e+00	3.860765e+00	2.582020e+00	1.884408e-01	4.494875e-01	1.709121e-01
8.570000e+02	1.354230e+00	8.833442e-01	1.277841e+00	1.433658e+00	8.614595e-01	9.082960e-02	3.134908e-02	3.273077e+00	1.032871e+00	3.412221e+00	4.631839e+00	4.995971e-01	2.888336e-01	5.479111e-02	2.452056e-01	1.818478e+00	3.863093e+00	2.576885e+00	1.883701e-01	4.505131e-01	1.703490e-01
8.580000e+02	1.354113e+00	8.870427e-01	1.276096e+00	1.435324e+00	8.588794e-01	8.878785e-02	3.043352e-02	3.281243e+00	1.036066e+00	3.409083e+00	4.629249e+00	5.024875e-01	2.868931e-01	5.425428e-02	2.479925e-01	1.812379e+00	3.866806e+00	2.568705e+00	1.886839e-01	4.527367e-01	1.691160e-01
8.590000e+02	1.353947e+00	8.876401e-01	1.275488e+00	1.439022e+00	8.563502e-01	8.708124e-02	2.989854e-02	3.289625e+00	1.037147e+00	3.408411e+00	4.629183e+00	5.038338e-01	2.855839e-01	5.369992e-02	2.513681e-01	1.807065e+00	3.869390e+00	2.556125e+00	1.888163e-01	4.549620e-01	1.682418e-01
8.600000e+02	1.353850e+00	8.867231e-01	1.277067e+00	1.443103e+00	8.523084e-01	8.521372e-02	2.968515e-02	3.293552e+00	1.035649e+00	3.413355e+00	4.632273e+00	5.035123e-01	2.851335e-01	5.323898e-02	2.541872e-01	1.802492e+00	3.871951e+00	2.542471e+00	1.891281e-01	4.578180e-01	1.681437e-01
8.610000e+02	1.353562e+00	8.857332e-01	1.281600e+00	1.443953e+00	8.485731e-01	8.300220e-02	2.962184e-02	3.291605e+00	1.035106e+00	3.419900e+00	4.636512e+00	5.026570e-01	2.860615e-01	5.262521e-02	2.561227e-01	1.797952e+00	3.872602e+00	2.526958e+00	1.897970e-01	4.622322e-01	1.686263e-01
8.620000e+02	1.353334e+00	8.855585e-01	1.289171e+00	1.443477e+00	8.472478e-01	8.068542e-02	2.956659e-02	3.291817e+00	1.038745e+00	3.423102e+00	4.638363e+00	5.027417e-01	2.876067e-01	5.201285e-02	2.576810e-01	1.794116e+00	3.868347e+00	2.511644e+00	1.904872e-01	4.649943e-01	1.693174e-01
8.630000e+02	1.353503e+00	8.867622e-01	1.296313e+00	1.444049e+00	8.470995e-01	7.809797e-02	2.960537e-02	3.294946e+00	1.044672e+00	3.423839e+00	4.636719e+00	5.045243e-01	2.892879e-01	5.180848e-02	2.592842e-01	1.793678e+00	3.862134e+00	2.500190e+00	1.910619e-01	4.654839e-01	1.704974e-01
8.640000e+02	1.353754e+00	8.891847e-01	1.301166e+00	1.445536e+00	8.473802e-01	7.565252e-02	2.966973e-02	3.296885e+00	1.052576e+00	3.422122e+00	4.629773e+00	5.061110e-01	2.909796e-01	5.179294e-02	2.602344e-01	1.797978e+00	3.858420e+00	2.490339e+00	1.918830e-01	4.647434e-01	1.726602e-01
8.650000e+02	1.353693e+00	8.922041e-01	1.302451e+00	1.450277e+00	8.470076e-01	7.394482e-02	2.959609e-02	3.298693e+00	1.061315e+00	3.422395e+00	4.615544e+00	5.071712e-01	2.924271e-01	5.185297e-02	2.613931e-01	1.803380e+00	3.853778e+00	2.478929e+00	1.934317e-01	4.629552e-01	1.751147e-01
8.660000e+02	1.353760e+00	8.976571e-01	1.302716e+00	1.456048e+00	8.456694e-01	7.255497e-02	2.943465e-02	3.307374e+00	1.070274e+00	3.428109e+00	4.596121e+00	5.075029e-01	2.935400e-01	5.189150e-02	2.627319e-01	1.806188e+00	3.846900e+00	2.467425e+00	1.951632e-01	4.610371e-01	1.768676e-01
8.670000e+02	1.354042e+00	9.059445e-01	1.304731e+00	1.459937e+00	8.435557e-01	7.161959e-02	2.959241e-02	3.320402e+00	1.078892e+00	3.436862e+00	4.578642e+00	5.067167e-01	2.940701e-01	5.194214e-02	2.633543e-01	1.803392e+00	3.840203e+00	2.457056e+00	1.966712e-01	4.590959e-01	1.781559e-01
8.680000e+02	1.354418e+00	9.150377e-01	1.307622e+00	1.462582e+00	8.403200e-01	7.119167e-02	3.009358e-02	3.333155e+00	1.086442e+00	3.445738e+00	4.567250e+00	5.053857e-01	2.943850e-01	5.244969e-02	2.635787e-01	1.798028e+00	3.833148e+00	2.446686e+00	1.987727e-01	4.572180e-01	1.792764e-01
8.690000e+02	1.354698e+00	9.236360e-01	1.312145e+00	1.464867e+00	8.371488e-01	7.078711e-02	3.060001e-02	3.342621e+00	1.092217e+00	3.449986e+00	4.561770e+00	5.036344e-01	2.956859e-01	5.328160e-02	2.635529e-01	1.793732e+00	3.825174e+00	2.436621e+00	2.009286e-01	4.557747e-01	1.798062e-01
8.700000e+02	1.354754e+00	9.304436e-01	1.315706e+00	1.467780e+00	8.361453e-01	7.072333e-02	3.128434e-02	3.349173e+00	1.096189e+00	3.452465e+00	4.559441e+00	5.027774e-01	2.979001e-01	5.376323e-02	2.633876e-01	1.790637e+00	3.814773e+00	2.426221e+00	2.019226e-01	4.548838e-01	1.794588e-01
8.710000e+02	1.354824e+00	9.345806e-01	1.318381e+00	1.470856e+00	8.351268e-01	7.087729e-02	3.217257e-02	3.355268e+00	1.100884e+00	3.457425e+00	4.557117e+00	5.028637e-01	2.994930e-01	5.347141e-02	2.637150e-01	1.790383e+00	3.802054e+00	2.417159e+00	2.020864e-01	4.543529e-01	1.782228e-01
8.720000e+02	1.354389e+00	9.362971e-01	1.320807e+00	1.471377e+00	8.337067e-01	7.084463e-02	3.318384e-02	3.361061e+00	1.104725e+00	3.461750e+00	4.551476e+00	5.037238e-01	3.000704e-01	5.274596e-02	2.640537e-01	1.791744e+00	3.787396e+00	2.411698e+00	2.014566e-01	4.529178e-01	1.767416e-01
8.730000e+02	1.353897e+00	9.380488e-01	1.324756e+00	1.471821e+00	8.313794e-01	7.015180e-02	3.424554e-02	3.369305e+00	1.107454e+00	3.466728e+00	4.544911e+00	5.060850e-01	2.985532e-01	5.153338e-02	2.641643e-01	1.792369e+00	3.769933e+00	2.409313e+00	1.994843e-01	4.518473e-01	1.758666e-01
8.740000e+02	1.354039e+00	9.407060e-01	1.331982e+00	1.474337e+00	8.266523e-01	6.885284e-02	3.509118e-02	3.380931e+00	1.110990e+00	3.472922e+00	4.537347e+00	5.084634e-01	2.962316e-01	5.008555e-02	2.646801e-01	1.793418e+00	3.753629e+00	2.407974e+00	1.970892e-01	4.534807e-01	1.759152e-01
8.750000e+02	1.354543e+00	9.435503e-01	1.340753e+00	1.478421e+00	8.222443e-01	6.783397e-02	3.558281e-02	3.396099e+00	1.115231e+00	3.477397e+00	4.528344e+00	5.095881e-01	2.947373e-01	4.877084e-02	2.655032e-01	1.793654e+00	3.739177e+00	2.406404e+00	1.951985e-01	4.555886e-01	1.767744e-01
8.760000e+02	1.355246e+00	9.481602e-01	1.346586e+00	1.483329e+00	8.196812e-01	6.718995e-02	3.584619e-02	3.413696e+00	1.119400e+00	3.479516e+00	4.520098e+00	5.109886e-01	2.939336e-01	4.766351e-02	2.660942e-01	1.793126e+00	3.724388e+00	2.405644e+00	1.939512e-01	4.570085e-01	1.786136e-01
8.770000e+02	1.355706e+00	9.544126e-01	1.348595e+00	1.485956e+00	8.179258e-01	6.650666e-02	3.593024e-02	3.432398e+00	1.124398e+00	3.477376e+00	4.513308e+00	5.115565e-01	2.937055e-01	4.685597e-02	2.664650e-01	1.793674e+00	3.707493e+00	2.404984e+00	1.934250e-01	4.584566e-01	1.806879e-01
8.780000e+02	1.356235e+00	9.603608e-01	1.352668e+00	1.487172e+00	8.172817e-01	6.557679e-02	3.622578e-02	3.451046e+00	1.130377e+00	3.473728e+00	4.507980e+00	5.111376e-01	2.931363e-01	4.628974e-02	2.677526e-01	1.793966e+00	3.690659e+00	2.404659e+00	1.934668e-01	4.585996e-01	1.826196e-01
8.790000e+02	1.356775e+00	9.660161e-01	1.359272e+00	1.488002e+00	8.177783e-01	6.486321e-02	3.677077e-02	3.466659e+00	1.135864e+00	3.471551e+00	4.499233e+00	5.110944e-01	2.925365e-01	4.552297e-02	2.697072e-01	1.792384e+00	3.678556e+00	2.403893e+00	1.940691e-01	4.575650e-01	1.841653e-01
8.800000e+02	1.357156e+00	9.705009e-01	1.364846e+00	1.488977e+00	8.183745e-01	6.454172e-02	3.720854e-02	3.481260e+00	1.140131e+00	3.473471e+00	4.487132e+00	5.107432e-01	2.931591e-01	4.431913e-02	2.721264e-01	1.789834e+00	3.669225e+00	2.400309e+00	1.954751e-01	4.563560e-01	1.851313e-01
8.810000e+02	1.357973e+00	9.719498e-01	1.368551e+00	1.491540e+00	8.193178e-01	6.447281e-02	3.779367e-02	3.498498e+00	1.142765e+00	3.477064e+00	4.480327e+00	5.084572e-01	2.948872e-01	4.321863e-02	2.753241e-01	1.788816e+00	3.661683e+00	2.395589e+00	1.967541e-01	4.559240e-01	1.865287e-01
8.820000e+02	1.359103e+00	9.730746e-01	1.371310e+00	1.494091e+00	8.207251e-01	6.458913e-02	3.838804e-02	3.514065e+00	1.145033e+00	3.478905e+00	4.479258e+00	5.041685e-01	2.966897e-01	4.246322e-02	2.795428e-01	1.789475e+00	3.658151e+00	2.389928e+00	1.972508e-01	4.564711e-01	1.884795e-01
8.830000e+02	1.360462e+00	9.752557e-01	1.375917e+00	1.498352e+00	8.219779e-01	6.437030e-02	3.866090e-02	3.529194e+00	1.147264e+00	3.479233e+00	4.477227e+00	5.001758e-01	2.979931e-01	4.192660e-02	2.848358e-01	1.789747e+00	3.655610e+00	2.385808e+00	1.976198e-01	4.574846e-01	1.905934e-01
8.840000e+02	1.362256e+00	9.787597e-01	1.380368e+00	1.503879e+00	8.220584e-01	6.418002e-02	3.876700e-02	3.546837e+00	1.150768e+00	3.480018e+00	4.474911e+00	4.962748e-01	2.991888e-01	4.146911e-02	2.902628e-01	1.792473e+00	3.653304e+00	2.383135e+00	1.978859e-01	4.579492e-01	1.926311e-01
8.850000e+02	1.364654e+00	9.843424e-01	1.383690e+00	1.506634e+00	8.224120e-01	6.412353e-02	3.919608e-02	3.566184e+00	1.156320e+00	3.483563e+00	4.474163e+00	4.922606e-01	3.007423e-01	4.110907e-02	2.958629e-01	1.797652e+00	3.652964e+00	2.382015e+00	1.980965e-01	4.571323e-01	1.946244e-01
8.860000e+02	1.367205e+00	9.902729e-01	1.388977e+00	1.506564e+00	8.234831e-01	6.413700e-02	4.009394e-02	3.583650e+00	1.161079e+00	3.489448e+00	4.473988e+00	4.889218e-01	3.028955e-01	4.060220e-02	3.007372e-01	1.802638e+00	3.655838e+00	2.380621e+00	1.980959e-01	4.556659e-01	1.963893e-01
8.870000e+02	1.369367e+00	9.946818e-01	1.394536e+00	1.505280e+00	8.243492e-01	6.433117e-02	4.151850e-02	3.596743e+00	1.165378e+00	3.495379e+00	4.470937e+00	4.851640e-01	3.055016e-01	4.015577e-02	3.042874e-01	1.808543e+00	3.660807e+00	2.378169e+00	1.981042e-01	4.550247e-01	1.984448e-01
8.880000e+02	1.371440e+00	1.000768e+00	1.399501e+00	1.505116e+00	8.243905e-01	6.394630e-02	4.301841e-02	3.609796e+00	1.169567e+00	3.497289e+00	4.465853e+00	4.808782e-01	3.083619e-01	3.969900e-02	3.074328e-01	1.813521e+00	3.666921e+00	2.377935e+00	1.988863e-01	4.549949e-01	2.009241e-01
8.890000e+02	1.373278e+00	1.009417e+00	1.403568e+00	1.506009e+00	8.229206e-01	6.378022e-02	4.436144e-02	3.620989e+00	1.173847e+00	3.496485e+00	4.462408e+00	4.777751e-01	3.115179e-01	3.928904e-02	3.106873e-01	1.815248e+00	3.671630e+00	2.378066e+00	2.003021e-01	4.534849e-01	2.037787e-01
8.900000e+02	1.374808e+00	1.019382e+00	1.406286e+00	1.507566e+00	8.211455e-01	6.409918e-02	4.579297e-02	3.629915e+00	1.179846e+00	3.496506e+00	4.456991e+00	4.748444e-01	3.148718e-01	3.934430e-02	3.134043e-01	1.815837e+00	3.673911e+00	2.376173e+00	2.024251e-01	4.515800e-01	2.062486e-01
8.910000e+02	1.376419e+00	1.028975e+00	1.408852e+00	1.510057e+00	8.210044e-01	6.380563e-02	4.698541e-02	3.637753e+00	1.187843e+00	3.496942e+00	4.452560e+00	4.710736e-01	3.191646e-01	3.967528e-02	3.163316e-01	1.816915e+00	3.673643e+00	2.374700e+00	2.047999e-01	4.502057e-01	2.070838e-01
8.920000e+02	1.378133e+00	1.037021e+00	1.411680e+00	1.513399e+00	8.225832e-01	6.327633e-02	4.794679e-02	3.645401e+00	1.196307e+00	3.496814e+00	4.452727e+00	4.666699e-01	3.240505e-01	3.999844e-02	3.202492e-01	1.817579e+00	3.670604e+00	2.372774e+00	2.069067e-01	4.496429e-01	2.070379e-01
8.930000e+02	1.379639e+00	1.046449e+00	1.413509e+00	1.515483e+00	8.237711e-01	6.313627e-02	4.917444e-02	3.654259e+00	1.205642e+00	3.494464e+00	4.452394e+00	4.618872e-01	3.278430e-01	4.056324e-02	3.245185e-01	1.816650e+00	3.671207e+00	2.366154e+00	2.086723e-01	4.497232e-01	2.072857e-01
8.940000e+02	1.380995e+00	1.057052e+00	1.413261e+00	1.515001e+00	8.255892e-01	6.353764e-02	5.044530e-02	3.664460e+00	1.215594e+00	3.490007e+00	4.450826e+00	4.573218e-01	3.305218e-01	4.128638e-02	3.292398e-01	1.814769e+00	3.674898e+00	2.359153e+00	2.096782e-01	4.497723e-01	2.074916e-01
8.950000e+02	1.382352e+00	1.067423e+00	1.411940e+00	1.511370e+00	8.288423e-01	6.383281e-02	5.118846e-02	3.676509e+00	1.224410e+00	3.487812e+00	4.449453e+00	4.525055e-01	3.335142e-01	4.167207e-02	3.334203e-01	1.813464e+00	3.676646e+00	2.355571e+00	2.108346e-01	4.489241e-01	2.077040e-01
8.960000e+02	1.383697e+00	1.076994e+00	1.409804e+00	1.505329e+00	8.304964e-01	6.402694e-02	5.185716e-02	3.688194e+00	1.233830e+00	3.487688e+00	4.452217e+00	4.476994e-01	3.367595e-01	4.165840e-02	3.357587e-01	1.813309e+00	3.675572e+00	2.354455e+00	2.123676e-01	4.473886e-01	2.085361e-01
8.970000e+02	1.385316e+00	1.085639e+00	1.407946e+00	1.500151e+00	8.289945e-01	6.437123e-02	5.287789e-02	3.702121e+00	1.243542e+00	3.489067e+00	4.458151e+00	4.424584e-01	3.402327e-01	4.127290e-02	3.373579e-01	1.813536e+00	3.675443e+00	2.352804e+00	2.142904e-01	4.463798e-01	2.096823e-01
8.980000e+02	1.387623e+00	1.095031e+00	1.408497e+00	1.497169e+00	8.265182e-01	6.453604e-02	5.377045e-02	3.723867e+00	1.252578e+00	3.491879e+00	4.461658e+00	4.379949e-01	3.436267e-01	4.071411e-02	3.401684e-01	1.812114e+00	3.677277e+00	2.351967e+00	2.173998e-01	4.448723e-01	2.108164e-01
8.990000e+02	1.390350e+00	1.106586e+00	1.411427e+00	1.494053e+00	8.236197e-01	6.483846e-02	5.434993e-02	3.747952e+00	1.262097e+00	3.494528e+00	4.464447e+00	4.358310e-01	3.470012e-01	4.051146e-02	3.435346e-01	1.809105e+00	3.678644e+00	2.351601e+00	2.219951e-01	4.427763e-01	2.121115e-01
9.000000e+02	1.392791e+00	1.119028e+00	1.416042e+00	1.488575e+00	8.205737e-01	6.520818e-02	5.487086e-02	3.767007e+00	1.270848e+00	3.496817e+00	4.469661e+00	4.341518e-01	3.502932e-01	4.056053e-02	3.465287e-01	1.806555e+00	3.678048e+00	2.348821e+00	2.270403e-01	4.411821e-01	2.140134e-01
9.010000e+02	1.394961e+00	1.132281e+00	1.420839e+00	1.481836e+00	8.179733e-01	6.555672e-02	5.533498e-02	3.780676e+00	1.281185e+00	3.496876e+00	4.478659e+00	4.320566e-01	3.525282e-01	4.060184e-02	3.492621e-01	1.805769e+00	3.675998e+00	2.344240e+00	2.321538e-01	4.390124e-01	2.163831e-01
9.020000e+02	1.397322e+00	1.145462e+00	1.424188e+00	1.475547e+00	8.147825e-01	6.597871e-02	5.556782e-02	3.792331e+00	1.293602e+00	3.495028e+00	4.490438e+00	4.304958e-01	3.546247e-01	4.061667e-02	3.510771e-01	1.807846e+00	3.676091e+00	2.339536e+00	2.377869e-01	4.365144e-01	2.189277e-01
9.030000e+02	1.400211e+00	1.157715e+00	1.425868e+00	1.469371e+00	8.132391e-01	6.644332e-02	5.588156e-02	3.805453e+00	1.304839e+00	3.494333e+00	4.503300e+00	4.301248e-01	3.564363e-01	4.074170e-02	3.527207e-01	1.812282e+00	3.678924e+00	2.336285e+00	2.434787e-01	4.352040e-01	2.215746e-01
9.040000e+02	1.403635e+00	1.169927e+00	1.427286e+00	1.462871e+00	8.133611e-01	6.752550e-02	5.643162e-02	3.822281e+00	1.314418e+00	3.493042e+00	4.519335e+00	4.298010e-01	3.577972e-01	4.076492e-02	3.543316e-01	1.819690e+00	3.683054e+00	2.333907e+00	2.486225e-01	4.343900e-01	2.238701e-01
9.050000e+02	1.407699e+00	1.182825e+00	1.430581e+00	1.457183e+00	8.137782e-01	6.898985e-02	5.688312e-02	3.842537e+00	1.323809e+00	3.494056e+00	4.536050e+00	4.294224e-01	3.595272e-01	4.024524e-02	3.550939e-01	1.831523e+00	3.687370e+00	2.331713e+00	2.527161e-01	4.346028e-01	2.250808e-01
9.060000e+02	1.412164e+00	1.196883e+00	1.436536e+00	1.450519e+00	8.137939e-01	7.013818e-02	5.701707e-02	3.861734e+00	1.334588e+00	3.498395e+00	4.552196e+00	4.288323e-01	3.620376e-01	3.976997e-02	3.552358e-01	1.846542e+00	3.693651e+00	2.328239e+00	2.562428e-01	4.355164e-01	2.254239e-01
9.070000e+02	1.416774e+00	1.210509e+00	1.442926e+00	1.443329e+00	8.136880e-01	7.088062e-02	5.730583e-02	3.879943e+00	1.343833e+00	3.505812e+00	4.569395e+00	4.280688e-01	3.652743e-01	3.937220e-02	3.545216e-01	1.862346e+00	3.701833e+00	2.324476e+00	2.602667e-01	4.362806e-01	2.254227e-01
9.080000e+02	1.421489e+00	1.221387e+00	1.450142e+00	1.437696e+00	8.143082e-01	7.108282e-02	5.802197e-02	3.900373e+00	1.351440e+00	3.515745e+00	4.586633e+00	4.278752e-01	3.677618e-01	3.964319e-02	3.539863e-01	1.875839e+00	3.708813e+00	2.320851e+00	2.651340e-01	4.371835e-01	2.258581e-01
9.090000e+02	1.425894e+00	1.229443e+00	1.459477e+00	1.432172e+00	8.147377e-01	7.141264e-02	5.888005e-02	3.920335e+00	1.358687e+00	3.520945e+00	4.604261e+00	4.281501e-01	3.692467e-01	4.109998e-02	3.545548e-01	1.888382e+00	3.714000e+00	2.315955e+00	2.701897e-01	4.386733e-01	2.272787e-01
9.100000e+02	1.429558e+00	1.236842e+00	1.467694e+00	1.424666e+00	8.141939e-01	7.182539e-02	5.972820e-02	3.940805e+00	1.365319e+00	3.520342e+00	4.616960e+00	4.280169e-01	3.698545e-01	4.296321e-02	3.547264e-01	1.903067e+00	3.718072e+00	2.311204e+00	2.755868e-01	4.397980e-01	2.294962e-01
9.110000e+02	1.432354e+00	1.243817e+00	1.473870e+00	1.417801e+00	8.118450e-01	7.207935e-02	6.099558e-02	3.961010e+00	1.371271e+00	3.519500e+00	4.619913e+00	4.284691e-01	3.707933e-01	4.474721e-02	3.546728e-01	1.916011e+00	3.720087e+00	2.306868e+00	2.813199e-01	4.405444e-01	2.314590e-01
9.120000e+02	1.434468e+00	1.250898e+00	1.478228e+00	1.412473e+00	8.088770e-01	7.262136e-02	6.301707e-02	3.975709e+00	1.377187e+00	3.523049e+00	4.617283e+00	4.308991e-01	3.721819e-01	4.613285e-02	3.553251e-01	1.922738e+00	3.718652e+00	2.302234e+00	2.867744e-01	4.410996e-01	2.339783e-01
9.130000e+02	1.436557e+00	1.260793e+00	1.481021e+00	1.409356e+00	8.070364e-01	7.378369e-02	6.508338e-02	3.985034e+00	1.382949e+00	3.530114e+00	4.611258e+00	4.339575e-01	3.739557e-01	4.739350e-02	3.566533e-01	1.925704e+00	3.717382e+00	2.298809e+00	2.926152e-01	4.403744e-01	2.378678e-01
9.140000e+02	1.439185e+00	1.273983e+00	1.483664e+00	1.408458e+00	8.059425e-01	7.525544e-02	6.769671e-02	3.996276e+00	1.387285e+00	3.538217e+00	4.604712e+00	4.357639e-01	3.764308e-01	4.903009e-02	3.585485e-01	1.928137e+00	3.717715e+00	2.296363e+00	2.983007e-01	4.398637e-01	2.420650e-01
9.150000e+02	1.442173e+00	1.287390e+00	1.489545e+00	1.408691e+00	8.041368e-01	7.663075e-02	7.072704e-02	4.010624e+00	1.389424e+00	3.548623e+00	4.598200e+00	4.367485e-01	3.792578e-01	5.047888e-02	3.602951e-01	1.930354e+00	3.718610e+00	2.294318e+00	3.031009e-01	4.407704e-01	2.455351e-01
9.160000e+02	1.445135e+00	1.301457e+00	1.497723e+00	1.408953e+00	8.012455e-01	7.789532e-02	7.337400e-02	4.026211e+00	1.389882e+00	3.559547e+00	4.594210e+00	4.373549e-01	3.813774e-01	5.144805e-02	3.621509e-01	1.931215e+00	3.719029e+00	2.293482e+00	3.073927e-01	4.411155e-01	2.476409e-01
9.170000e+02	1.447613e+00	1.316741e+00	1.503264e+00	1.407453e+00	7.986171e-01	7.878234e-02	7.605040e-02	4.040021e+00	1.390177e+00	3.568403e+00	4.593692e+00	4.374896e-01	3.822357e-01	5.241430e-02	3.643898e-01	1.932521e+00	3.716332e+00	2.291768e+00	3.114876e-01	4.413435e-01	2.490829e-01
9.180000e+02	1.450209e+00	1.332223e+00	1.506397e+00	1.404917e+00	7.957999e-01	7.953293e-02	7.878697e-02	4.051530e+00	1.392874e+00	3.574403e+00	4.599177e+00	4.385037e-01	3.832785e-01	5.320583e-02	3.654872e-01	1.936483e+00	3.716765e+00	2.287260e+00	3.154611e-01	4.416160e-01	2.504867e-01
9.190000e+02	1.453549e+00	1.347494e+00	1.508090e+00	1.402896e+00	7.914639e-01	7.993951e-02	8.134700e-02	4.065085e+00	1.399804e+00	3.578948e+00	4.611268e+00	4.412544e-01	3.842618e-01	5.383712e-02	3.660476e-01	1.943612e+00	3.723080e+00	2.280737e+00	3.188305e-01	4.413675e-01	2.516101e-01
9.200000e+02	1.457021e+00	1.361761e+00	1.510303e+00	1.401037e+00	7.863197e-01	7.980969e-02	8.326358e-02	4.079501e+00	1.407596e+00	3.585081e+00	4.620162e+00	4.437860e-01	3.854980e-01	5.472041e-02	3.672566e-01	1.955143e+00	3.731234e+00	2.270953e+00	3.215804e-01	4.427787e-01	2.526273e-01
9.210000e+02	1.460598e+00	1.375375e+00	1.512605e+00	1.401357e+00	7.807463e-01	7.928161e-02	8.441521e-02	4.094411e+00	1.412298e+00	3.598501e+00	4.622389e+00	4.456194e-01	3.873486e-01	5.595801e-02	3.693862e-01	1.970820e+00	3.736407e+00	2.259843e+00	3.254865e-01	4.457622e-01	2.539517e-01
9.220000e+02	1.464406e+00	1.389772e+00	1.514413e+00	1.403690e+00	7.743738e-01	7.899008e-02	8.560872e-02	4.109799e+00	1.415417e+00	3.616752e+00	4.621912e+00	4.484478e-01	3.897254e-01	5.723570e-02	3.714396e-01	1.985275e+00	3.738855e+00	2.251019e+00	3.305403e-01	4.493511e-01	2.555078e-01
9.230000e+02	1.468086e+00	1.405456e+00	1.516300e+00	1.403504e+00	7.681034e-01	7.890195e-02	8.704032e-02	4.127736e+00	1.418727e+00	3.633436e+00	4.620304e+00	4.516670e-01	3.925069e-01	5.820705e-02	3.724963e-01	1.996714e+00	3.740826e+00	2.243397e+00	3.362361e-01	4.532491e-01	2.569085e-01
9.240000e+02	1.471279e+00	1.422165e+00	1.517471e+00	1.400981e+00	7.625358e-01	7.878253e-02	8.822270e-02	4.143005e+00	1.424152e+00	3.646156e+00	4.617722e+00	4.534166e-01	3.959736e-01	5.902760e-02	3.728838e-01	2.008721e+00	3.739848e+00	2.236940e+00	3.418840e-01	4.570113e-01	2.586802e-01
9.250000e+02	1.473889e+00	1.438477e+00	1.518234e+00	1.398820e+00	7.576345e-01	7.887990e-02	8.872936e-02	4.153370e+00	1.432216e+00	3.654411e+00	4.614948e+00	4.536324e-01	4.008188e-01	5.963253e-02	3.738779e-01	2.018712e+00	3.735711e+00	2.231053e+00	3.468045e-01	4.607236e-01	2.610936e-01
9.260000e+02	1.476759e+00	1.455151e+00	1.519771e+00	1.397156e+00	7.534360e-01	7.901859e-02	8.908096e-02	4.166818e+00	1.440938e+00	3.661061e+00	4.615959e+00	4.531431e-01	4.057370e-01	6.041326e-02	3.758439e-01	2.025663e+00	3.728737e+00	2.227275e+00	3.524071e-01	4.629237e-01	2.646458e-01
9.270000e+02	1.480164e+00	1.472514e+00	1.520312e+00	1.393996e+00	7.503380e-01	7.941189e-02	8.923670e-02	4.181908e+00	1.450620e+00	3.665766e+00	4.624443e+00	4.527562e-01	4.106378e-01	6.200736e-02	3.788026e-01	2.032779e+00	3.723002e+00	2.225266e+00	3.580107e-01	4.626174e-01	2.688544e-01
9.280000e+02	1.483685e+00	1.488402e+00	1.516707e+00	1.389181e+00	7.485586e-01	8.002733e-02	8.849983e-02	4.198523e+00	1.459923e+00	3.668112e+00	4.634615e+00	4.523492e-01	4.158518e-01	6.403549e-02	3.827701e-01	2.040053e+00	3.725919e+00	2.222561e+00	3.631683e-01	4.616403e-01	2.728111e-01
9.290000e+02	1.487587e+00	1.504319e+00	1.511891e+00	1.385374e+00	7.474318e-01	8.039351e-02	8.714933e-02	4.220100e+00	1.468746e+00	3.670538e+00	4.642424e+00	4.511090e-01	4.202983e-01	6.621127e-02	3.868785e-01	2.045627e+00	3.736578e+00	2.220485e+00	3.682510e-01	4.611859e-01	2.767583e-01
9.300000e+02	1.491495e+00	1.520130e+00	1.510238e+00	1.381387e+00	7.460205e-01	8.059923e-02	8.556014e-02	4.244959e+00	1.476385e+00	3.673557e+00	4.649485e+00	4.498561e-01	4.232973e-01	6.856725e-02	3.913788e-01	2.048244e+00	3.744794e+00	2.219947e+00	3.730348e-01	4.616835e-01	2.807824e-01
9.310000e+02	1.495239e+00	1.534793e+00	1.511015e+00	1.377420e+00	7.453302e-01	8.088684e-02	8.398980e-02	4.269348e+00	1.482802e+00	3.675382e+00	4.655724e+00	4.484298e-01	4.261074e-01	7.033564e-02	3.960793e-01	2.050476e+00	3.750618e+00	2.220719e+00	3.776657e-01	4.624359e-01	2.852151e-01
9.320000e+02	1.498806e+00	1.549124e+00	1.512453e+00	1.374696e+00	7.463818e-01	8.150896e-02	8.297821e-02	4.289660e+00	1.489889e+00	3.676054e+00	4.662093e+00	4.467680e-01	4.283021e-01	7.148036e-02	4.001059e-01	2.053050e+00	3.757341e+00	2.220667e+00	3.825156e-01	4.619921e-01	2.890637e-01
9.330000e+02	1.502252e+00	1.563784e+00	1.515569e+00	1.368553e+00	7.474653e-01	8.273038e-02	8.225001e-02	4.308818e+00	1.496439e+00	3.677251e+00	4.670163e+00	4.450707e-01	4.296771e-01	7.244861e-02	4.040886e-01	2.057763e+00	3.762707e+00	2.220806e+00	3.868739e-01	4.609725e-01	2.916036e-01
9.340000e+02	1.505839e+00	1.579077e+00	1.521344e+00	1.359816e+00	7.475264e-01	8.390377e-02	8.098002e-02	4.330355e+00	1.500879e+00	3.680203e+00	4.679467e+00	4.423459e-01	4.314225e-01	7.320432e-02	4.083233e-01	2.064618e+00	3.765992e+00	2.224988e+00	3.900266e-01	4.588951e-01	2.934154e-01
9.350000e+02	1.509538e+00	1.594738e+00	1.528218e+00	1.353052e+00	7.472817e-01	8.472179e-02	7.931090e-02	4.354267e+00	1.503521e+00	3.683499e+00	4.686722e+00	4.391395e-01	4.332442e-01	7.385162e-02	4.118757e-01	2.071951e+00	3.766326e+00	2.234194e+00	3.927877e-01	4.564925e-01	2.955645e-01
9.360000e+02	1.512888e+00	1.609180e+00	1.534887e+00	1.346415e+00	7.456910e-01	8.596806e-02	7.789696e-02	4.374945e+00	1.505315e+00	3.684239e+00	4.694643e+00	4.364067e-01	4.354621e-01	7.433193e-02	4.145438e-01	2.080140e+00	3.764288e+00	2.243877e+00	3.957108e-01	4.557779e-01	2.980486e-01
9.370000e+02	1.515949e+00	1.623701e+00	1.539517e+00	1.341045e+00	7.423837e-01	8.756302e-02	7.650730e-02	4.389069e+00	1.507992e+00	3.682804e+00	4.709314e+00	4.344811e-01	4.376212e-01	7.477715e-02	4.168979e-01	2.086477e+00	3.764123e+00	2.249298e+00	3.989004e-01	4.554868e-01	3.010299e-01
9.380000e+02	1.519245e+00	1.639026e+00	1.540820e+00	1.337944e+00	7.387869e-01	8.930966e-02	7.524903e-02	4.400539e+00	1.511073e+00	3.683414e+00	4.725898e+00	4.328307e-01	4.395778e-01	7.559804e-02	4.182046e-01	2.091766e+00	3.769978e+00	2.252730e+00	4.026398e-01	4.550163e-01	3.045019e-01
9.390000e+02	1.522713e+00	1.655088e+00	1.542571e+00	1.333963e+00	7.348088e-01	9.105001e-02	7.394163e-02	4.412773e+00	1.514611e+00	3.686946e+00	4.741065e+00	4.321720e-01	4.407322e-01	7.614500e-02	4.186617e-01	2.099602e+00	3.773740e+00	2.255024e+00	4.068828e-01	4.556925e-01	3.087880e-01
9.400000e+02	1.526176e+00	1.670650e+00	1.547520e+00	1.329736e+00	7.304308e-01	9.242260e-02	7.277325e-02	4.427021e+00	1.521240e+00	3.689408e+00	4.754964e+00	4.323626e-01	4.404491e-01	7.615884e-02	4.194438e-01	2.108109e+00	3.770433e+00	2.256884e+00	4.113959e-01	4.576054e-01	3.145024e-01
9.410000e+02	1.529873e+00	1.687439e+00	1.554593e+00	1.326501e+00	7.265024e-01	9.410006e-02	7.171624e-02	4.445122e+00	1.530178e+00	3.690254e+00	4.766750e+00	4.315691e-01	4.399440e-01	7.623691e-02	4.207041e-01	2.114149e+00	3.765784e+00	2.259720e+00	4.158914e-01	4.604246e-01	3.198889e-01
9.420000e+02	1.533434e+00	1.707352e+00	1.562362e+00	1.323642e+00	7.218957e-01	9.586315e-02	7.033653e-02	4.463706e+00	1.537364e+00	3.689091e+00	4.778046e+00	4.298871e-01	4.389760e-01	7.634769e-02	4.215757e-01	2.118150e+00	3.764101e+00	2.261648e+00	4.207279e-01	4.632015e-01	3.244075e-01
9.430000e+02	1.536286e+00	1.726582e+00	1.569485e+00	1.318416e+00	7.159250e-01	9.677751e-02	6.915181e-02	4.479658e+00	1.541588e+00	3.687255e+00	4.790315e+00	4.282218e-01	4.376917e-01	7.634929e-02	4.226042e-01	2.120473e+00	3.765300e+00	2.261571e+00	4.244060e-01	4.642714e-01	3.296772e-01
9.440000e+02	1.538846e+00	1.744208e+00	1.576614e+00	1.310543e+00	7.093064e-01	9.689917e-02	6.852717e-02	4.497143e+00	1.545573e+00	3.686921e+00	4.804060e+00	4.275158e-01	4.368785e-01	7.617424e-02	4.241871e-01	2.119735e+00	3.765551e+00	2.261090e+00	4.258595e-01	4.638621e-01	3.362664e-01
9.450000e+02	1.541256e+00	1.761585e+00	1.582644e+00	1.302107e+00	7.032768e-01	9.699270e-02	6.791388e-02	4.516869e+00	1.549557e+00	3.686516e+00	4.819106e+00	4.273048e-01	4.368363e-01	7.573143e-02	4.254724e-01	2.114458e+00	3.761118e+00	2.262895e+00	4.273355e-01	4.648944e-01	3.424992e-01
9.460000e+02	1.543479e+00	1.778486e+00	1.587777e+00	1.294478e+00	6.986125e-01	9.724316e-02	6.707460e-02	4.536005e+00	1.554446e+00	3.681971e+00	4.834636e+00	4.279466e-01	4.375801e-01	7.543794e-02	4.265216e-01	2.107598e+00	3.752644e+00	2.266936e+00	4.290779e-01	4.673427e-01	3.477730e-01
9.470000e+02	1.545814e+00	1.793101e+00	1.592094e+00	1.289709e+00	6.955916e-01	9.742392e-02	6.633757e-02	4.553797e+00	1.560804e+00	3.674171e+00	4.849330e+00	4.292069e-01	4.389735e-01	7.510256e-02	4.277718e-01	2.104485e+00	3.744526e+00	2.271220e+00	4.313298e-01	4.687582e-01	3.525484e-01
9.480000e+02	1.548016e+00	1.804473e+00	1.594254e+00	1.286871e+00	6.927571e-01	9.778728e-02	6.625214e-02	4.568626e+00	1.567441e+00	3.665679e+00	4.863096e+00	4.298704e-01	4.393598e-01	7.475206e-02	4.291598e-01	2.105661e+00	3.740432e+00	2.274502e+00	4.333503e-01	4.688105e-01	3.571954e-01
9.490000e+02	1.549850e+00	1.814331e+00	1.595351e+00	1.286040e+00	6.901932e-01	9.792492e-02	6.661297e-02	4.580124e+00	1.573902e+00	3.655888e+00	4.876900e+00	4.289183e-01	4.390209e-01	7.479927e-02	4.313731e-01	2.107185e+00	3.737919e+00	2.276291e+00	4.338132e-01	4.686932e-01	3.617171e-01
9.500000e+02	1.551557e+00	1.826849e+00	1.596475e+00	1.286603e+00	6.885985e-01	9.769452e-02	6.676031e-02	4.589188e+00	1.577301e+00	3.645449e+00	4.890804e+00	4.267933e-01	4.398613e-01	7.473067e-02	4.342995e-01	2.108864e+00	3.734759e+00	2.277686e+00	4.335237e-01	4.687533e-01	3.661569e-01
9.510000e+02	1.553868e+00	1.842612e+00	1.598836e+00	1.288176e+00	6.883087e-01	9.757243e-02	6.670029e-02	4.599926e+00	1.577340e+00	3.636272e+00	4.906479e+00	4.256990e-01	4.397221e-01	7.432509e-02	4.372716e-01	2.111543e+00	3.732939e+00	2.280759e+00	4.333653e-01	4.699203e-01	3.695828e-01
9.520000e+02	1.556767e+00	1.857706e+00	1.600425e+00	1.291296e+00	6.889319e-01	9.744409e-02	6.615201e-02	4.614947e+00	1.577738e+00	3.629451e+00	4.925948e+00	4.253591e-01	4.394534e-01	7.362250e-02	4.399394e-01	2.113636e+00	3.730119e+00	2.286401e+00	4.320396e-01	4.719967e-01	3.727279e-01
9.530000e+02	1.559915e+00	1.872984e+00	1.601538e+00	1.294597e+00	6.894346e-01	9.722721e-02	6.548301e-02	4.632403e+00	1.580120e+00	3.623812e+00	4.945644e+00	4.254908e-01	4.397455e-01	7.286939e-02	4.418521e-01	2.114998e+00	3.724273e+00	2.294600e+00	4.302282e-01	4.732749e-01	3.777262e-01
9.540000e+02	1.563052e+00	1.887957e+00	1.602687e+00	1.295246e+00	6.905421e-01	9.717558e-02	6.505609e-02	4.650191e+00	1.583320e+00	3.615925e+00	4.964280e+00	4.270188e-01	4.400901e-01	7.214516e-02	4.430760e-01	2.115889e+00	3.719804e+00	2.303857e+00	4.295179e-01	4.740368e-01	3.832182e-01
9.550000e+02	1.565999e+00	1.900819e+00	1.600653e+00	1.294034e+00	6.914578e-01	9.754109e-02	6.441412e-02	4.666996e+00	1.585535e+00	3.608956e+00	4.982972e+00	4.289991e-01	4.414264e-01	7.154576e-02	4.426197e-01	2.117611e+00	3.716980e+00	2.313076e+00	4.304014e-01	4.751811e-01	3.887551e-01
9.560000e+02	1.568680e+00	1.912356e+00	1.597648e+00	1.291630e+00	6.918181e-01	9.823192e-02	6.319068e-02	4.680920e+00	1.587153e+00	3.602206e+00	5.003028e+00	4.298544e-01	4.424082e-01	7.145795e-02	4.409675e-01	2.121342e+00	3.715502e+00	2.320393e+00	4.325833e-01	4.764713e-01	3.944293e-01
9.570000e+02	1.570610e+00	1.921492e+00	1.595494e+00	1.286863e+00	6.906644e-01	9.865779e-02	6.165144e-02	4.691301e+00	1.589067e+00	3.593088e+00	5.026454e+00	4.288816e-01	4.419716e-01	7.139576e-02	4.407952e-01	2.124586e+00	3.712871e+00	2.324614e+00	4.347910e-01	4.776468e-01	3.999126e-01
9.580000e+02	1.571829e+00	1.930491e+00	1.592880e+00	1.281987e+00	6.884453e-01	9.833693e-02	6.003554e-02	4.699854e+00	1.589830e+00	3.585689e+00	5.045808e+00	4.266133e-01	4.422564e-01	7.123397e-02	4.432345e-01	2.124903e+00	3.708188e+00	2.326515e+00	4.368751e-01	4.786363e-01	4.047714e-01
9.590000e+02	1.572967e+00	1.940454e+00	1.591866e+00	1.277680e+00	6.871303e-01	9.682796e-02	5.834969e-02	4.708293e+00	1.587678e+00	3.582994e+00	5.058490e+00	4.237598e-01	4.445400e-01	7.102676e-02	4.470589e-01	2.123556e+00	3.706456e+00	2.326882e+00	4.390304e-01	4.781701e-01	4.090979e-01
9.600000e+02	1.574447e+00	1.950750e+00	1.592056e+00	1.272589e+00	6.862163e-01	9.487874e-02	5.700167e-02	4.719628e+00	1.585141e+00	3.583783e+00	5.068388e+00	4.201004e-01	4.476990e-01	7.073380e-02	4.499550e-01	2.124219e+00	3.708160e+00	2.325644e+00	4.407645e-01	4.767782e-01	4.144592e-01
9.610000e+02	1.575967e+00	1.962292e+00	1.591182e+00	1.267231e+00	6.853251e-01	9.344314e-02	5.614292e-02	4.734384e+00	1.584980e+00	3.586838e+00	5.076059e+00	4.154477e-01	4.502755e-01	7.045178e-02	4.525418e-01	2.126716e+00	3.705988e+00	2.323354e+00	4.401012e-01	4.752930e-01	4.212914e-01
9.620000e+02	1.577375e+00	1.973380e+00	1.591019e+00	1.262939e+00	6.833535e-01	9.231463e-02	5.553123e-02	4.747384e+00	1.588148e+00	3.590952e+00	5.084035e+00	4.103792e-01	4.513124e-01	7.006508e-02	4.568594e-01	2.126322e+00	3.700792e+00	2.323545e+00	4.369638e-01	4.736928e-01	4.285036e-01
9.630000e+02	1.578529e+00	1.981970e+00	1.592113e+00	1.258623e+00	6.801778e-01	9.158021e-02	5.480009e-02	4.754066e+00	1.595991e+00	3.592993e+00	5.091342e+00	4.065836e-01	4.519131e-01	7.015360e-02	4.609956e-01	2.124654e+00	3.696230e+00	2.324447e+00	4.339009e-01	4.724121e-01	4.356356e-01
9.640000e+02	1.579173e+00	1.989018e+00	1.593160e+00	1.252726e+00	6.766862e-01	9.106468e-02	5.403839e-02	4.756803e+00	1.606183e+00	3.594049e+00	5.095168e+00	4.038211e-01	4.530718e-01	7.082656e-02	4.639580e-01	2.124662e+00	3.690646e+00	2.322926e+00	4.305652e-01	4.720518e-01	4.420325e-01
9.650000e+02	1.580116e+00	1.996513e+00	1.596738e+00	1.247778e+00	6.720397e-01	9.034783e-02	5.334406e-02	4.761445e+00	1.615840e+00	3.594998e+00	5.098368e+00	4.010056e-01	4.547107e-01	7.180283e-02	4.670106e-01	2.125419e+00	3.686031e+00	2.322850e+00	4.265458e-01	4.722861e-01	4.472397e-01
9.660000e+02	1.581306e+00	2.002644e+00	1.604916e+00	1.245132e+00	6.673035e-01	8.967493e-02	5.262107e-02	4.765688e+00	1.624806e+00	3.591971e+00	5.101542e+00	3.987448e-01	4.561954e-01	7.276213e-02	4.702567e-01	2.123858e+00	3.685880e+00	2.326243e+00	4.222267e-01	4.723828e-01	4.512760e-01
9.670000e+02	1.582310e+00	2.008178e+00	1.615013e+00	1.243252e+00	6.634762e-01	8.950143e-02	5.172694e-02	4.765925e+00	1.633281e+00	3.587892e+00	5.102466e+00	3.966135e-01	4.574269e-01	7.351577e-02	4.731558e-01	2.121104e+00	3.687778e+00	2.329250e+00	4.192983e-01	4.723889e-01	4.549625e-01
9.680000e+02	1.583723e+00	2.016246e+00	1.625418e+00	1.240151e+00	6.583506e-01	8.949893e-02	5.088696e-02	4.768642e+00	1.639468e+00	3.584573e+00	5.102669e+00	3.947157e-01	4.582662e-01	7.440144e-02	4.758758e-01	2.119710e+00	3.692670e+00	2.331586e+00	4.184303e-01	4.734434e-01	4.594477e-01
9.690000e+02	1.585498e+00	2.026403e+00	1.636270e+00	1.237140e+00	6.512875e-01	8.966035e-02	5.023770e-02	4.777004e+00	1.642339e+00	3.580037e+00	5.103868e+00	3.930035e-01	4.587985e-01	7.517120e-02	4.793218e-01	2.118963e+00	3.700628e+00	2.333164e+00	4.175128e-01	4.742465e-01	4.649123e-01
9.700000e+02	1.587193e+00	2.037955e+00	1.646161e+00	1.235748e+00	6.455275e-01	8.975692e-02	4.929940e-02	4.784855e+00	1.644244e+00	3.573451e+00	5.104853e+00	3.917622e-01	4.603285e-01	7.567725e-02	4.831464e-01	2.118681e+00	3.707044e+00	2.334817e+00	4.166249e-01	4.745239e-01	4.694117e-01
9.710000e+02	1.588356e+00	2.049697e+00	1.654786e+00	1.233671e+00	6.420143e-01	8.939406e-02	4.819662e-02	4.788355e+00	1.645593e+00	3.565957e+00	5.105437e+00	3.923470e-01	4.618982e-01	7.591382e-02	4.860807e-01	2.116001e+00	3.712020e+00	2.336899e+00	4.164457e-01	4.749782e-01	4.714317e-01
9.720000e+02	1.589113e+00	2.059559e+00	1.662892e+00	1.229225e+00	6.384391e-01	8.939983e-02	4.736218e-02	4.792493e+00	1.647729e+00	3.558517e+00	5.105318e+00	3.930536e-01	4.629649e-01	7.571623e-02	4.884790e-01	2.113060e+00	3.715323e+00	2.338681e+00	4.152708e-01	4.761234e-01	4.726598e-01
9.730000e+02	1.589693e+00	2.069057e+00	1.670884e+00	1.222958e+00	6.346868e-01	8.950226e-02	4.678259e-02	4.796054e+00	1.650823e+00	3.548223e+00	5.105786e+00	3.921104e-01	4.647422e-01	7.494273e-02	4.923813e-01	2.110923e+00	3.716404e+00	2.341905e+00	4.130843e-01	4.784259e-01	4.741820e-01
9.740000e+02	1.589965e+00	2.078015e+00	1.679010e+00	1.216890e+00	6.307333e-01	8.889124e-02	4.596930e-02	4.795784e+00	1.651456e+00	3.533737e+00	5.108594e+00	3.906479e-01	4.671849e-01	7.384161e-02	4.973857e-01	2.107078e+00	3.717867e+00	2.347876e+00	4.113552e-01	4.805610e-01	4.764261e-01
9.750000e+02	1.590457e+00	2.086313e+00	1.684285e+00	1.211810e+00	6.269716e-01	8.772174e-02	4.464293e-02	4.794203e+00	1.654574e+00	3.522528e+00	5.114452e+00	3.893731e-01	4.698508e-01	7.286209e-02	5.023452e-01	2.102000e+00	3.718444e+00	2.356486e+00	4.090236e-01	4.817138e-01	4.795367e-01
9.760000e+02	1.591549e+00	2.096074e+00	1.687632e+00	1.207030e+00	6.253300e-01	8.633980e-02	4.326291e-02	4.792385e+00	1.662573e+00	3.512533e+00	5.122685e+00	3.894624e-01	4.734409e-01	7.231379e-02	5.079485e-01	2.097467e+00	3.715090e+00	2.367585e+00	4.071187e-01	4.814664e-01	4.832427e-01
9.770000e+02	1.592943e+00	2.107111e+00	1.691944e+00	1.201451e+00	6.242192e-01	8.487199e-02	4.239892e-02	4.791642e+00	1.672457e+00	3.500491e+00	5.130402e+00	3.908770e-01	4.775000e-01	7.217178e-02	5.145578e-01	2.093556e+00	3.707724e+00	2.380437e+00	4.070750e-01	4.793660e-01	4.886099e-01
9.780000e+02	1.594163e+00	2.116290e+00	1.696654e+00	1.196340e+00	6.217112e-01	8.368370e-02	4.169233e-02	4.793067e+00	1.682923e+00	3.490285e+00	5.137463e+00	3.917118e-01	4.810611e-01	7.227878e-02	5.215555e-01	2.089865e+00	3.697036e+00	2.392525e+00	4.073592e-01	4.754580e-01	4.943022e-01
9.790000e+02	1.595341e+00	2.122028e+00	1.700821e+00	1.191829e+00	6.200615e-01	8.298753e-02	4.088337e-02	4.796854e+00	1.694183e+00	3.479035e+00	5.143601e+00	3.927971e-01	4.849305e-01	7.268551e-02	5.283277e-01	2.086789e+00	3.687031e+00	2.404760e+00	4.074704e-01	4.713726e-01	4.983803e-01
9.800000e+02	1.596686e+00	2.127515e+00	1.705471e+00	1.187447e+00	6.187033e-01	8.248727e-02	4.051131e-02	4.803024e+00	1.706103e+00	3.467842e+00	5.148997e+00	3.949548e-01	4.875048e-01	7.296746e-02	5.353863e-01	2.081605e+00	3.677380e+00	2.418306e+00	4.078440e-01	4.688538e-01	5.008192e-01
9.810000e+02	1.597901e+00	2.132466e+00	1.714189e+00	1.183694e+00	6.149558e-01	8.153758e-02	4.011501e-02	4.811573e+00	1.717589e+00	3.459203e+00	5.152306e+00	3.964462e-01	4.885907e-01	7.308146e-02	5.428300e-01	2.073650e+00	3.664282e+00	2.433102e+00	4.067105e-01	4.692975e-01	5.023989e-01
9.820000e+02	1.599277e+00	2.136238e+00	1.726087e+00	1.180504e+00	6.112609e-01	8.024734e-02	3.920542e-02	4.822055e+00	1.728674e+00	3.452595e+00	5.155583e+00	3.965814e-01	4.894036e-01	7.308985e-02	5.502032e-01	2.067229e+00	3.647920e+00	2.447169e+00	4.050239e-01	4.722386e-01	5.042272e-01
9.830000e+02	1.600765e+00	2.139905e+00	1.739935e+00	1.176173e+00	6.082925e-01	7.904099e-02	3.830741e-02	4.831429e+00	1.739103e+00	3.445073e+00	5.162792e+00	3.964118e-01	4.902323e-01	7.289427e-02	5.574940e-01	2.063670e+00	3.631098e+00	2.457819e+00	4.039133e-01	4.749797e-01	5.067287e-01
9.840000e+02	1.602467e+00	2.144170e+00	1.753831e+00	1.171990e+00	6.051664e-01	7.761178e-02	3.806634e-02	4.840303e+00	1.749894e+00	3.437293e+00	5.172598e+00	3.970149e-01	4.907279e-01	7.275568e-02	5.645328e-01	2.061971e+00	3.616300e+00	2.467052e+00	4.019676e-01	4.762000e-01	5.098905e-01
9.850000e+02	1.604336e+00	2.150859e+00	1.765440e+00	1.168121e+00	6.025386e-01	7.630255e-02	3.783263e-02	4.851118e+00	1.759772e+00	3.429202e+00	5.182177e+00	3.982100e-01	4.906040e-01	7.281103e-02	5.712494e-01	2.061672e+00	3.602917e+00	2.477005e+00	3.996727e-01	4.763259e-01	5.128882e-01
9.860000e+02	1.605801e+00	2.160876e+00	1.777228e+00	1.162055e+00	5.989128e-01	7.534197e-02	3.725065e-02	4.861702e+00	1.766654e+00	3.418432e+00	5.191637e+00	3.997978e-01	4.901798e-01	7.271586e-02	5.767882e-01	2.059964e+00	3.591405e+00	2.487024e+00	3.963953e-01	4.758113e-01	5.158471e-01
9.870000e+02	1.606760e+00	2.170706e+00	1.787805e+00	1.156289e+00	5.949892e-01	7.442519e-02	3.683538e-02	4.871688e+00	1.772549e+00	3.405105e+00	5.203709e+00	4.021290e-01	4.902159e-01	7.244226e-02	5.801624e-01	2.055185e+00	3.581761e+00	2.494309e+00	3.928006e-01	4.744953e-01	5.175908e-01
9.880000e+02	1.607517e+00	2.179523e+00	1.795790e+00	1.152764e+00	5.906048e-01	7.333222e-02	3.666446e-02	4.882333e+00	1.779960e+00	3.389671e+00	5.220172e+00	4.046974e-01	4.912893e-01	7.202371e-02	5.814698e-01	2.048424e+00	3.573668e+00	2.497605e+00	3.899068e-01	4.733954e-01	5.170452e-01
9.890000e+02	1.607819e+00	2.189990e+00	1.802581e+00	1.150728e+00	5.832293e-01	7.213561e-02	3.641569e-02	4.893103e+00	1.787574e+00	3.373483e+00	5.234476e+00	4.064413e-01	4.931930e-01	7.183975e-02	5.814784e-01	2.041517e+00	3.562581e+00	2.500440e+00	3.872707e-01	4.723672e-01	5.155453e-01
9.900000e+02	1.607857e+00	2.198783e+00	1.810146e+00	1.149930e+00	5.746781e-01	7.081645e-02	3.612258e-02	4.903624e+00	1.796768e+00	3.358266e+00	5.242157e+00	4.073961e-01	4.955248e-01	7.169587e-02	5.809913e-01	2.033817e+00	3.549307e+00	2.506169e+00	3.855998e-01	4.715756e-01	5.137780e-01
9.910000e+02	1.608069e+00	2.203203e+00	1.816924e+00	1.149737e+00	5.662753e-01	6.896759e-02	3.585700e-02	4.915068e+00	1.808186e+00	3.346185e+00	5.247591e+00	4.076874e-01	4.978130e-01	7.105989e-02	5.808279e-01	2.026592e+00	3.538513e+00	2.513210e+00	3.847018e-01	4.714563e-01	5.115186e-01
9.920000e+02	1.608626e+00	2.206182e+00	1.823122e+00	1.149961e+00	5.568883e-01	6.686808e-02	3.536539e-02	4.927645e+00	1.821322e+00	3.335176e+00	5.251721e+00	4.083629e-01	5.007399e-01	7.027617e-02	5.817697e-01	2.023248e+00	3.528483e+00	2.521067e+00	3.832292e-01	4.713220e-01	5.097637e-01
9.930000e+02	1.609734e+00	2.210296e+00	1.830626e+00	1.149057e+00	5.481507e-01	6.491927e-02	3.503182e-02	4.938732e+00	1.834712e+00	3.323942e+00	5.256194e+00	4.092889e-01	5.045503e-01	6.981552e-02	5.856661e-01	2.020985e+00	3.522525e+00	2.528357e+00	3.817435e-01	4.715704e-01	5.085231e-01
9.940000e+02	1.610879e+00	2.209737e+00	1.837780e+00	1.145894e+00	5.393660e-01	6.326023e-02	3.492130e-02	4.950973e+00	1.848853e+00	3.311089e+00	5.261372e+00	4.106492e-01	5.092425e-01	6.959395e-02	5.919589e-01	2.017952e+00	3.522202e+00	2.531924e+00	3.811605e-01	4.728822e-01	5.067770e-01
9.950000e+02	1.611979e+00	2.202725e+00	1.844595e+00	1.142063e+00	5.307870e-01	6.159218e-02	3.444947e-02	4.966949e+00	1.862265e+00	3.296064e+00	5.266873e+00	4.136852e-01	5.147368e-01	6.945061e-02	5.982314e-01	2.015592e+00	3.526042e+00	2.533966e+00	3.805166e-01	4.746142e-01	5.043918e-01
9.960000e+02	1.613594e+00	2.194076e+00	1.852549e+00	1.138791e+00	5.248244e-01	5.995046e-02	3.378272e-02	4.981660e+00	1.874345e+00	3.282708e+00	5.274980e+00	4.175819e-01	5.204162e-01	6.935099e-02	6.037553e-01	2.015135e+00	3.531212e+00	2.539611e+00	3.795345e-01	4.761110e-01	5.015103e-01
9.970000e+02	1.615850e+00	2.184971e+00	1.859196e+00	1.135829e+00	5.214369e-01	5.850501e-02	3.326595e-02	4.998779e+00	1.886310e+00	3.272339e+00	5.285535e+00	4.215765e-01	5.260416e-01	6.893782e-02	6.088101e-01	2.016008e+00	3.533550e+00	2.548880e+00	3.789498e-01	4.780464e-01	5.000250e-01
9.980000e+02	1.618324e+00	2.177197e+00	1.863172e+00	1.134450e+00	5.199434e-01	5.674680e-02	3.259582e-02	5.021008e+00	1.896979e+00	3.261626e+00	5.295754e+00	4.239673e-01	5.312522e-01	6.804017e-02	6.148492e-01	2.017192e+00	3.534596e+00	2.558228e+00	3.784032e-01	4.807318e-01	4.997562e-01
9.990000e+02	1.620731e+00	2.173751e+00	1.867788e+00	1.136782e+00	5.185104e-01	5.458216e-02	3.181981e-02	5.042925e+00	1.906607e+00	3.245471e+00	5.304546e+00	4.245411e-01	5.366625e-01	6.679614e-02	6.213811e-01	2.020754e+00	3.535937e+00	2.565716e+00	3.779477e-01	4.829181e-01	4.991875e-01
